{
  "Mexico": {
    "attack": 0.4455,
    "defense": 56.21781613358341
  },
  "South Africa": {
    "attack": 0.3,
    "defense": 0.3045
  },
  "South Korea": {
    "attack": 0.3,
    "defense": 39.61344371721841
  },
  "Czechia": {
    "attack": 0.3,
    "defense": 0.3
  },
  "USA": {
    "attack": 1.0,
    "defense": 1.0
  },
  "Paraguay": {
    "attack": 0.5455,
    "defense": 17.50717466175437
  },
  "Australia": {
    "attack": 0.3,
    "defense": 12.06932438718087
  },
  "Turkey": {
    "attack": 0.3,
    "defense": 0.3
  },
  "Brazil": {
    "attack": 0.5644339209529194,
    "defense": 8.45046425451148
  },
  "Morocco": {
    "attack": 0.7444058412504562,
    "defense": 6.619544848066687
  },
  "Croatia": {
    "attack": 0.32193907739986755,
    "defense": 0.3
  },
  "Belgium": {
    "attack": 1.7686767212265897,
    "defense": 0.6893529392704003
  },
  "France": {
    "attack": 6.372070191931274,
    "defense": 1.0385080453084616
  },
  "Senegal": {
    "attack": 1.272139015421138,
    "defense": 0.3
  },
  "Argentina": {
    "attack": 6.326456727942323,
    "defense": 3.5253927521585635
  },
  "Algeria": {
    "attack": 0.3,
    "defense": 0.3
  },
  "Spain": {
    "attack": 6.999690575474408,
    "defense": 2.6567623285646933
  },
  "Saudi Arabia": {
    "attack": 0.3,
    "defense": 0.3
  },
  "England": {
    "attack": 0.3,
    "defense": 0.31808037246415555
  },
  "Ghana": {
    "attack": 1.2194686249356887,
    "defense": 26.92561071517559
  },
  "Portugal": {
    "attack": 0.45348619272840723,
    "defense": 1.8487890959422955
  },
  "Colombia": {
    "attack": 0.3,
    "defense": 1.8396295828473903
  },
  "Germany": {
    "attack": 0.3,
    "defense": 0.3
  },
  "Japan": {
    "attack": 0.4190444515983449,
    "defense": 0.3
  },
  "Netherlands": {
    "attack": 0.9474754071522837,
    "defense": 0.3
  },
  "Ivory Coast": {
    "attack": 1.3875201823044478,
    "defense": 0.3
  },
  "Switzerland": {
    "attack": 1.0835,
    "defense": 1.2816477840323606
  },
  "Qatar": {
    "attack": 0.7372928236134393,
    "defense": 1.0
  }
}