{
  "Mexico": {
    "attack": 0.38786807931980516,
    "defense": 12.629525269730825
  },
  "South Africa": {
    "attack": 0.3455,
    "defense": 0.3
  },
  "South Korea": {
    "attack": 0.3,
    "defense": 8.767122023372183
  },
  "Czechia": {
    "attack": 0.34504999999999997,
    "defense": 0.3
  },
  "USA": {
    "attack": 1.0,
    "defense": 1.0
  },
  "Paraguay": {
    "attack": 1.4652521648462924,
    "defense": 1.785908596833109
  },
  "Australia": {
    "attack": 3.4445187529515957,
    "defense": 3.0887463702013003
  },
  "Turkey": {
    "attack": 0.3,
    "defense": 0.3
  },
  "Brazil": {
    "attack": 0.7888506137348763,
    "defense": 1.0
  },
  "Morocco": {
    "attack": 1.0,
    "defense": 1.2111493862651244
  },
  "Croatia": {
    "attack": 3.1191434145156935,
    "defense": 0.3
  },
  "Belgium": {
    "attack": 1.0,
    "defense": 1.0
  },
  "France": {
    "attack": 4.758781134991924,
    "defense": 1.0
  },
  "Senegal": {
    "attack": 1.0,
    "defense": 0.3
  },
  "Argentina": {
    "attack": 4.686101814938408,
    "defense": 2.3235837166130926
  },
  "Algeria": {
    "attack": 0.3,
    "defense": 0.3
  },
  "Spain": {
    "attack": 3.960711448125542,
    "defense": 1.7510700564594417
  },
  "Saudi Arabia": {
    "attack": 0.3,
    "defense": 0.3
  },
  "England": {
    "attack": 1.279454493092782,
    "defense": 0.3130923417602915
  },
  "Ghana": {
    "attack": 0.8597304422591431,
    "defense": 5.8540826752202495
  },
  "Portugal": {
    "attack": 1.0,
    "defense": 1.0
  },
  "Colombia": {
    "attack": 1.0,
    "defense": 1.0
  },
  "Germany": {
    "attack": 2.27653749029373,
    "defense": 1.0
  },
  "Japan": {
    "attack": 3.765948867396868,
    "defense": 0.3
  },
  "Netherlands": {
    "attack": 3.605374442724965,
    "defense": 0.3
  },
  "Ivory Coast": {
    "attack": 1.0,
    "defense": 0.3
  },
  "Switzerland": {
    "attack": 1.0,
    "defense": 1.2111493862651244
  },
  "Qatar": {
    "attack": 0.7888506137348763,
    "defense": 1.0
  }
}