{
  "Mexico": {
    "attack": 0.53803898875,
    "defense": 12294.746622127159
  },
  "South Africa": {
    "attack": 0.3,
    "defense": 0.3045
  },
  "South Korea": {
    "attack": 0.3,
    "defense": 9048.592562150076
  },
  "Czechia": {
    "attack": 0.3,
    "defense": 0.3
  },
  "USA": {
    "attack": 1.0,
    "defense": 1.0
  },
  "Paraguay": {
    "attack": 0.3,
    "defense": 13635.926387408326
  },
  "Australia": {
    "attack": 0.3,
    "defense": 252.804600424896
  },
  "Turkey": {
    "attack": 0.3,
    "defense": 0.3
  },
  "Brazil": {
    "attack": 0.39505,
    "defense": 143.47520157556409
  },
  "Morocco": {
    "attack": 0.3,
    "defense": 273.2290747757657
  },
  "Croatia": {
    "attack": 0.3,
    "defense": 0.3
  },
  "Belgium": {
    "attack": 0.3,
    "defense": 0.3
  },
  "France": {
    "attack": 0.49505,
    "defense": 773.2343265315922
  },
  "Senegal": {
    "attack": 0.39549999999999996,
    "defense": 0.3
  },
  "Argentina": {
    "attack": 0.3,
    "defense": 37.369433190923644
  },
  "Algeria": {
    "attack": 0.3,
    "defense": 0.3
  },
  "Spain": {
    "attack": 0.3,
    "defense": 766.2634650243725
  },
  "Saudi Arabia": {
    "attack": 0.3,
    "defense": 0.3
  },
  "England": {
    "attack": 0.3,
    "defense": 0.3
  },
  "Ghana": {
    "attack": 0.3,
    "defense": 4846.3270542300515
  },
  "Portugal": {
    "attack": 0.3,
    "defense": 509.58023314564565
  },
  "Colombia": {
    "attack": 0.4454325,
    "defense": 109.94659472838858
  },
  "Germany": {
    "attack": 0.3,
    "defense": 0.3
  },
  "Japan": {
    "attack": 0.3,
    "defense": 0.3
  },
  "Netherlands": {
    "attack": 0.3,
    "defense": 0.3
  },
  "Ivory Coast": {
    "attack": 2.769861728910382,
    "defense": 0.3
  },
  "Switzerland": {
    "attack": 0.3,
    "defense": 0.3
  },
  "Qatar": {
    "attack": 2.054694699354229,
    "defense": 1.2366155849235285
  }
}