{
  "Mexico": {
    "attack": 0.4455,
    "defense": 43.07709033032606
  },
  "South Africa": {
    "attack": 0.3,
    "defense": 0.3045
  },
  "South Korea": {
    "attack": 0.3,
    "defense": 29.565138676356902
  },
  "Czechia": {
    "attack": 0.3,
    "defense": 0.3
  },
  "USA": {
    "attack": 1.0,
    "defense": 1.0
  },
  "Paraguay": {
    "attack": 0.5518866536284859,
    "defense": 13.982538940493777
  },
  "Australia": {
    "attack": 0.3,
    "defense": 9.553717472248977
  },
  "Turkey": {
    "attack": 0.3,
    "defense": 0.3
  },
  "Brazil": {
    "attack": 0.9852539932227244,
    "defense": 5.39260575748613
  },
  "Morocco": {
    "attack": 1.31683940101252,
    "defense": 4.001340158431198
  },
  "Croatia": {
    "attack": 0.3,
    "defense": 0.3
  },
  "Belgium": {
    "attack": 1.1335,
    "defense": 0.95
  },
  "France": {
    "attack": 6.1362209194407695,
    "defense": 1.0
  },
  "Senegal": {
    "attack": 1.05,
    "defense": 0.3
  },
  "Argentina": {
    "attack": 6.086650655252435,
    "defense": 3.272482223301391
  },
  "Algeria": {
    "attack": 0.3,
    "defense": 0.3
  },
  "Spain": {
    "attack": 6.555417422305673,
    "defense": 2.466167063638906
  },
  "Saudi Arabia": {
    "attack": 0.3,
    "defense": 0.3
  },
  "England": {
    "attack": 0.3,
    "defense": 0.31692057593736156
  },
  "Ghana": {
    "attack": 1.1444510525884424,
    "defense": 21.55010738767063
  },
  "Portugal": {
    "attack": 0.3003309899684035,
    "defense": 1.744413542803101
  },
  "Colombia": {
    "attack": 0.3,
    "defense": 1.6996690100315963
  },
  "Germany": {
    "attack": 0.3,
    "defense": 0.3
  },
  "Japan": {
    "attack": 1.5356257567603933,
    "defense": 0.3
  },
  "Netherlands": {
    "attack": 2.3387286576132897,
    "defense": 0.3
  },
  "Ivory Coast": {
    "attack": 1.234780140994224,
    "defense": 0.3
  },
  "Switzerland": {
    "attack": 1.0,
    "defense": 1.2561323946431742
  },
  "Qatar": {
    "attack": 0.7438676053568269,
    "defense": 1.0
  }
}