{
  "Mexico": {
    "attack": 0.53803898875,
    "defense": 211.3050632264465
  },
  "South Africa": {
    "attack": 0.3,
    "defense": 0.3045
  },
  "South Korea": {
    "attack": 0.3,
    "defense": 158.45539417025233
  },
  "Czechia": {
    "attack": 0.3,
    "defense": 0.3
  },
  "USA": {
    "attack": 1.0,
    "defense": 1.0
  },
  "Paraguay": {
    "attack": 0.42813018338377157,
    "defense": 100.30549140221856
  },
  "Australia": {
    "attack": 0.3,
    "defense": 31.979523609310345
  },
  "Turkey": {
    "attack": 0.3,
    "defense": 0.3
  },
  "Brazil": {
    "attack": 0.39505,
    "defense": 19.53372607383609
  },
  "Morocco": {
    "attack": 0.4955,
    "defense": 13.048612543587423
  },
  "Croatia": {
    "attack": 0.3,
    "defense": 0.3
  },
  "Belgium": {
    "attack": 4.013063148152386,
    "defense": 0.3
  },
  "France": {
    "attack": 0.3,
    "defense": 4.029371037055472
  },
  "Senegal": {
    "attack": 1.054573099216123,
    "defense": 0.3
  },
  "Argentina": {
    "attack": 7.17380751498032,
    "defense": 4.891707008046662
  },
  "Algeria": {
    "attack": 0.3,
    "defense": 0.3
  },
  "Spain": {
    "attack": 0.5879147729572123,
    "defense": 4.417501133050099
  },
  "Saudi Arabia": {
    "attack": 0.3,
    "defense": 0.3
  },
  "England": {
    "attack": 0.3,
    "defense": 0.3
  },
  "Ghana": {
    "attack": 0.3,
    "defense": 101.83502923268738
  },
  "Portugal": {
    "attack": 0.3011087712885069,
    "defense": 11.812314710124937
  },
  "Colombia": {
    "attack": 0.42643813962278043,
    "defense": 6.493956023161551
  },
  "Germany": {
    "attack": 0.3,
    "defense": 0.3
  },
  "Japan": {
    "attack": 0.3,
    "defense": 0.3
  },
  "Netherlands": {
    "attack": 0.3,
    "defense": 0.3
  },
  "Ivory Coast": {
    "attack": 1.9379349828810062,
    "defense": 0.3
  },
  "Switzerland": {
    "attack": 0.8624753401735596,
    "defense": 1.444352552191859
  },
  "Qatar": {
    "attack": 0.5883444148030894,
    "defense": 2.100566936398966
  }
}