{
  "Mexico": {
    "attack": 0.4455,
    "defense": 10.400390342599325
  },
  "South Africa": {
    "attack": 0.3,
    "defense": 0.3045
  },
  "South Korea": {
    "attack": 0.3,
    "defense": 7.336391206736252
  },
  "Czechia": {
    "attack": 0.3,
    "defense": 0.3
  },
  "USA": {
    "attack": 1.0,
    "defense": 1.0
  },
  "Paraguay": {
    "attack": 1.6345514306905777,
    "defense": 1.4101166561297744
  },
  "Australia": {
    "attack": 3.564183469979629,
    "defense": 2.6567623285646933
  },
  "Turkey": {
    "attack": 0.3,
    "defense": 0.3
  },
  "Brazil": {
    "attack": 0.7996502330640863,
    "defense": 1.0
  },
  "Morocco": {
    "attack": 1.0,
    "defense": 1.2003497669359142
  },
  "Croatia": {
    "attack": 2.9065002251319902,
    "defense": 0.3
  },
  "Belgium": {
    "attack": 1.0,
    "defense": 1.0
  },
  "France": {
    "attack": 4.460665719705244,
    "defense": 1.0
  },
  "Senegal": {
    "attack": 1.0,
    "defense": 0.3
  },
  "Argentina": {
    "attack": 4.382984971738937,
    "defense": 2.1892439355438715
  },
  "Algeria": {
    "attack": 0.3,
    "defense": 0.3
  },
  "Spain": {
    "attack": 3.3991465377951435,
    "defense": 1.642934322307192
  },
  "Saudi Arabia": {
    "attack": 0.35706567769280795,
    "defense": 0.3
  },
  "England": {
    "attack": 2.9447526722734128,
    "defense": 0.31390824753548435
  },
  "Ghana": {
    "attack": 0.9133082548301407,
    "defense": 3.5393069508648685
  },
  "Portugal": {
    "attack": 1.0,
    "defense": 1.0
  },
  "Colombia": {
    "attack": 1.0,
    "defense": 1.0
  },
  "Germany": {
    "attack": 2.0161367854227903,
    "defense": 1.0
  },
  "Japan": {
    "attack": 3.5851781200423285,
    "defense": 0.3
  },
  "Netherlands": {
    "attack": 3.4364176619378544,
    "defense": 0.3
  },
  "Ivory Coast": {
    "attack": 1.0,
    "defense": 0.3
  },
  "Switzerland": {
    "attack": 1.0,
    "defense": 1.2003497669359142
  },
  "Qatar": {
    "attack": 0.7996502330640863,
    "defense": 1.0
  }
}