{
  "Mexico": {
    "attack": 2.27653749029373,
    "defense": 1.8310560911496674
  },
  "South Africa": {
    "attack": 0.3,
    "defense": 0.3
  },
  "South Korea": {
    "attack": 2.27653749029373,
    "defense": 1.0
  },
  "Czechia": {
    "attack": 1.0,
    "defense": 0.3
  },
  "USA": {
    "attack": 1.0,
    "defense": 1.0
  },
  "Paraguay": {
    "attack": 1.0,
    "defense": 1.0
  },
  "Australia": {
    "attack": 1.737816604242867,
    "defense": 1.6116394640035174
  },
  "Turkey": {
    "attack": 0.38836053599648246,
    "defense": 0.3
  },
  "Brazil": {
    "attack": 0.9263680042117132,
    "defense": 1.0
  },
  "Morocco": {
    "attack": 1.0,
    "defense": 1.0736319957882867
  },
  "Croatia": {
    "attack": 1.0,
    "defense": 1.0
  },
  "Belgium": {
    "attack": 1.0,
    "defense": 1.0
  },
  "France": {
    "attack": 1.190496375,
    "defense": 1.0
  },
  "Senegal": {
    "attack": 1.0,
    "defense": 0.8095036250000001
  },
  "Argentina": {
    "attack": 1.095,
    "defense": 1.05
  },
  "Algeria": {
    "attack": 0.95,
    "defense": 0.905
  },
  "Spain": {
    "attack": 1.0,
    "defense": 1.0
  },
  "Saudi Arabia": {
    "attack": 1.0,
    "defense": 1.0
  },
  "England": {
    "attack": 1.0,
    "defense": 1.0
  },
  "Ghana": {
    "attack": 1.0,
    "defense": 1.0
  },
  "Portugal": {
    "attack": 1.0,
    "defense": 1.0
  },
  "Colombia": {
    "attack": 1.0,
    "defense": 1.0
  },
  "Germany": {
    "attack": 1.0,
    "defense": 1.0
  },
  "Japan": {
    "attack": 1.6028905564870493,
    "defense": 0.4579207257260801
  },
  "Netherlands": {
    "attack": 1.54207927427392,
    "defense": 0.3971094435129505
  },
  "Ivory Coast": {
    "attack": 1.0,
    "defense": 1.0
  },
  "Switzerland": {
    "attack": 1.0,
    "defense": 1.0736319957882867
  },
  "Qatar": {
    "attack": 0.9263680042117132,
    "defense": 1.0
  }
}