{
  "Mexico": {
    "attack": 0.686054860290075,
    "defense": 7.072182103772513
  },
  "South Africa": {
    "attack": 0.3455,
    "defense": 0.3
  },
  "South Korea": {
    "attack": 0.3,
    "defense": 5.194382618541226
  },
  "Czechia": {
    "attack": 0.547402845909563,
    "defense": 0.3
  },
  "USA": {
    "attack": 1.0,
    "defense": 1.0
  },
  "Paraguay": {
    "attack": 1.357386200207736,
    "defense": 1.1972399846964332
  },
  "Australia": {
    "attack": 3.1122871271778343,
    "defense": 2.2892450409981207
  },
  "Turkey": {
    "attack": 0.3,
    "defense": 0.3
  },
  "Brazil": {
    "attack": 0.8310645923749373,
    "defense": 1.0
  },
  "Morocco": {
    "attack": 1.0,
    "defense": 1.1689354076250629
  },
  "Croatia": {
    "attack": 2.3042488697993617,
    "defense": 0.3
  },
  "Belgium": {
    "attack": 1.0,
    "defense": 1.0
  },
  "France": {
    "attack": 3.6225103314365383,
    "defense": 1.0
  },
  "Senegal": {
    "attack": 1.0,
    "defense": 0.3
  },
  "Argentina": {
    "attack": 3.5307680034941926,
    "defense": 1.8863997615046662
  },
  "Algeria": {
    "attack": 0.3,
    "defense": 0.3
  },
  "Spain": {
    "attack": 1.82029944931623,
    "defense": 1.2462952230286242
  },
  "Saudi Arabia": {
    "attack": 0.7537047769713758,
    "defense": 0.3
  },
  "England": {
    "attack": 4.182404749473274,
    "defense": 0.3
  },
  "Ghana": {
    "attack": 1.0,
    "defense": 1.0
  },
  "Portugal": {
    "attack": 1.0,
    "defense": 1.0
  },
  "Colombia": {
    "attack": 1.0,
    "defense": 1.0
  },
  "Germany": {
    "attack": 1.3762732428451412,
    "defense": 1.0
  },
  "Japan": {
    "attack": 3.0824170051948627,
    "defense": 0.3
  },
  "Netherlands": {
    "attack": 2.9613934634573043,
    "defense": 0.3
  },
  "Ivory Coast": {
    "attack": 1.0,
    "defense": 0.6237267571548589
  },
  "Switzerland": {
    "attack": 1.0,
    "defense": 1.1689354076250629
  },
  "Qatar": {
    "attack": 0.8310645923749373,
    "defense": 1.0
  }
}