{
  "Mexico": {
    "attack": 0.4455,
    "defense": 36.71722028020133
  },
  "South Africa": {
    "attack": 0.3,
    "defense": 0.3045
  },
  "South Korea": {
    "attack": 0.3,
    "defense": 24.889136717720458
  },
  "Czechia": {
    "attack": 0.3,
    "defense": 0.3
  },
  "USA": {
    "attack": 1.0,
    "defense": 1.0
  },
  "Paraguay": {
    "attack": 0.6366614479845989,
    "defense": 12.209780505062993
  },
  "Australia": {
    "attack": 0.3,
    "defense": 8.221847076782351
  },
  "Turkey": {
    "attack": 0.3,
    "defense": 0.3
  },
  "Brazil": {
    "attack": 1.1159652374733398,
    "defense": 3.3495194640566575
  },
  "Morocco": {
    "attack": 1.497031786237394,
    "defense": 2.5274789107138664
  },
  "Croatia": {
    "attack": 0.3,
    "defense": 0.3
  },
  "Belgium": {
    "attack": 1.0,
    "defense": 1.0
  },
  "France": {
    "attack": 5.985001280924203,
    "defense": 1.0
  },
  "Senegal": {
    "attack": 1.0,
    "defense": 0.3
  },
  "Argentina": {
    "attack": 5.932894032459789,
    "defense": 3.129530361858531
  },
  "Algeria": {
    "attack": 0.3,
    "defense": 0.3
  },
  "Spain": {
    "attack": 6.270562502401281,
    "defense": 2.358437472362289
  },
  "Saudi Arabia": {
    "attack": 0.3,
    "defense": 0.3
  },
  "England": {
    "attack": 0.3,
    "defense": 0.3161357402568683
  },
  "Ghana": {
    "attack": 1.0936865727146694,
    "defense": 18.911838968087995
  },
  "Portugal": {
    "attack": 0.38836053599648246,
    "defense": 1.6557082502664584
  },
  "Colombia": {
    "attack": 0.3442917497335411,
    "defense": 1.6116394640035174
  },
  "Germany": {
    "attack": 0.3845139530314027,
    "defense": 0.3
  },
  "Japan": {
    "attack": 2.656116282776075,
    "defense": 0.3
  },
  "Netherlands": {
    "attack": 3.2769141049708157,
    "defense": 0.3
  },
  "Ivory Coast": {
    "attack": 1.137439746622407,
    "defense": 0.3
  },
  "Switzerland": {
    "attack": 1.0,
    "defense": 1.2517119297662902
  },
  "Qatar": {
    "attack": 0.7482880702337109,
    "defense": 1.0
  }
}