{
  "Mexico": {
    "attack": 1.0542468011838,
    "defense": 6.319677074526444
  },
  "South Africa": {
    "attack": 0.3455,
    "defense": 0.3
  },
  "South Korea": {
    "attack": 0.3495189218336051,
    "defense": 4.26438774695799
  },
  "Czechia": {
    "attack": 0.7326920569747466,
    "defense": 0.3
  },
  "USA": {
    "attack": 1.0,
    "defense": 1.0
  },
  "Paraguay": {
    "attack": 1.2657328297339958,
    "defense": 1.1398798164589994
  },
  "Australia": {
    "attack": 2.9613934634573043,
    "defense": 2.1892439355438715
  },
  "Turkey": {
    "attack": 0.3,
    "defense": 0.3
  },
  "Brazil": {
    "attack": 0.8417403498230895,
    "defense": 1.0
  },
  "Morocco": {
    "attack": 1.0,
    "defense": 1.1582596501769107
  },
  "Croatia": {
    "attack": 2.101900189617288,
    "defense": 0.3
  },
  "Belgium": {
    "attack": 1.0,
    "defense": 1.0
  },
  "France": {
    "attack": 3.3426400927910347,
    "defense": 1.0
  },
  "Senegal": {
    "attack": 1.0,
    "defense": 0.3
  },
  "Argentina": {
    "attack": 3.246202432934453,
    "defense": 1.8039961489159284
  },
  "Algeria": {
    "attack": 0.3,
    "defense": 0.3
  },
  "Spain": {
    "attack": 1.342091375,
    "defense": 1.099875
  },
  "Saudi Arabia": {
    "attack": 0.900125,
    "defense": 0.6579086249999999
  },
  "England": {
    "attack": 3.7761000867343877,
    "defense": 0.3
  },
  "Ghana": {
    "attack": 1.0,
    "defense": 1.0
  },
  "Portugal": {
    "attack": 1.0,
    "defense": 1.0
  },
  "Colombia": {
    "attack": 1.0,
    "defense": 1.0
  },
  "Germany": {
    "attack": 1.228381851130308,
    "defense": 1.0
  },
  "Japan": {
    "attack": 2.9161632848467827,
    "defense": 0.3
  },
  "Netherlands": {
    "attack": 2.802777128524766,
    "defense": 0.3
  },
  "Ivory Coast": {
    "attack": 1.0,
    "defense": 0.7716181488696922
  },
  "Switzerland": {
    "attack": 1.0,
    "defense": 1.1582596501769107
  },
  "Qatar": {
    "attack": 0.8417403498230895,
    "defense": 1.0
  }
}