{
  "Mexico": {
    "attack": 2.460775245028414,
    "defense": 1.9146957579272361
  },
  "South Africa": {
    "attack": 0.3,
    "defense": 0.3
  },
  "South Korea": {
    "attack": 2.460775245028414,
    "defense": 1.0
  },
  "Czechia": {
    "attack": 1.0,
    "defense": 0.3
  },
  "USA": {
    "attack": 1.0,
    "defense": 1.0
  },
  "Paraguay": {
    "attack": 1.0,
    "defense": 1.0
  },
  "Australia": {
    "attack": 1.948283462554947,
    "defense": 1.6996690100315963
  },
  "Turkey": {
    "attack": 0.3003309899684035,
    "defense": 0.3
  },
  "Brazil": {
    "attack": 0.9123825476167954,
    "defense": 1.0
  },
  "Morocco": {
    "attack": 1.0,
    "defense": 1.0876174523832045
  },
  "Croatia": {
    "attack": 1.05,
    "defense": 0.855
  },
  "Belgium": {
    "attack": 1.0,
    "defense": 1.0
  },
  "France": {
    "attack": 1.490277029354301,
    "defense": 1.0
  },
  "Senegal": {
    "attack": 1.0,
    "defense": 0.5097229706456989
  },
  "Argentina": {
    "attack": 1.3870381118528374,
    "defense": 1.1982605860272169
  },
  "Algeria": {
    "attack": 0.801739413972783,
    "defense": 0.6129618881471625
  },
  "Spain": {
    "attack": 1.0,
    "defense": 1.0
  },
  "Saudi Arabia": {
    "attack": 1.0,
    "defense": 1.0
  },
  "England": {
    "attack": 1.145,
    "defense": 0.95
  },
  "Ghana": {
    "attack": 1.0,
    "defense": 1.0
  },
  "Portugal": {
    "attack": 1.0,
    "defense": 1.0
  },
  "Colombia": {
    "attack": 1.0,
    "defense": 1.0
  },
  "Germany": {
    "attack": 1.0,
    "defense": 1.0
  },
  "Japan": {
    "attack": 1.8174270679082805,
    "defense": 0.3
  },
  "Netherlands": {
    "attack": 1.737816604242867,
    "defense": 0.3
  },
  "Ivory Coast": {
    "attack": 1.0,
    "defense": 1.0
  },
  "Switzerland": {
    "attack": 1.0,
    "defense": 1.0876174523832045
  },
  "Qatar": {
    "attack": 0.9123825476167954,
    "defense": 1.0
  }
}