{
  "Mexico": {
    "attack": 2.213052862525399,
    "defense": 1.8039961489159284
  },
  "South Africa": {
    "attack": 0.3,
    "defense": 0.3
  },
  "South Korea": {
    "attack": 2.213052862525399,
    "defense": 1.0
  },
  "Czechia": {
    "attack": 1.0,
    "defense": 0.3
  },
  "USA": {
    "attack": 1.0,
    "defense": 1.0
  },
  "Paraguay": {
    "attack": 1.0,
    "defense": 1.0
  },
  "Australia": {
    "attack": 1.6682555060665154,
    "defense": 1.57836475340243
  },
  "Turkey": {
    "attack": 0.4216352465975698,
    "defense": 0.3317444939334848
  },
  "Brazil": {
    "attack": 0.9311069604120112,
    "defense": 1.0
  },
  "Morocco": {
    "attack": 1.0,
    "defense": 1.0688930395879888
  },
  "Croatia": {
    "attack": 1.0,
    "defense": 1.0
  },
  "Belgium": {
    "attack": 1.0,
    "defense": 1.0
  },
  "France": {
    "attack": 1.095,
    "defense": 1.0
  },
  "Senegal": {
    "attack": 1.0,
    "defense": 0.905
  },
  "Argentina": {
    "attack": 1.0,
    "defense": 1.0
  },
  "Algeria": {
    "attack": 1.0,
    "defense": 1.0
  },
  "Spain": {
    "attack": 1.0,
    "defense": 1.0
  },
  "Saudi Arabia": {
    "attack": 1.0,
    "defense": 1.0
  },
  "England": {
    "attack": 1.0,
    "defense": 1.0
  },
  "Ghana": {
    "attack": 1.0,
    "defense": 1.0
  },
  "Portugal": {
    "attack": 1.0,
    "defense": 1.0
  },
  "Colombia": {
    "attack": 1.0,
    "defense": 1.0
  },
  "Germany": {
    "attack": 1.0,
    "defense": 1.0
  },
  "Japan": {
    "attack": 1.5383969905171528,
    "defense": 0.5158146743525577
  },
  "Netherlands": {
    "attack": 1.4841853256474424,
    "defense": 0.4616030094828469
  },
  "Ivory Coast": {
    "attack": 1.0,
    "defense": 1.0
  },
  "Switzerland": {
    "attack": 1.0,
    "defense": 1.0688930395879888
  },
  "Qatar": {
    "attack": 0.9311069604120112,
    "defense": 1.0
  }
}