{
  "Mexico": {
    "attack": 0.53803898875,
    "defense": 150.91180003818783
  },
  "South Africa": {
    "attack": 0.3,
    "defense": 0.3045
  },
  "South Korea": {
    "attack": 0.3,
    "defense": 113.56932046214504
  },
  "Czechia": {
    "attack": 0.3,
    "defense": 0.3
  },
  "USA": {
    "attack": 1.0,
    "defense": 1.0
  },
  "Paraguay": {
    "attack": 0.465469495560248,
    "defense": 68.43789290240862
  },
  "Australia": {
    "attack": 0.3,
    "defense": 25.95823268653375
  },
  "Turkey": {
    "attack": 0.3,
    "defense": 0.3
  },
  "Brazil": {
    "attack": 0.39505,
    "defense": 16.11515382144349
  },
  "Morocco": {
    "attack": 0.4955,
    "defense": 11.40661636683734
  },
  "Croatia": {
    "attack": 0.3,
    "defense": 0.3
  },
  "Belgium": {
    "attack": 3.57257869286955,
    "defense": 0.3
  },
  "France": {
    "attack": 0.3,
    "defense": 2.7474916973320767
  },
  "Senegal": {
    "attack": 1.4119245570734662,
    "defense": 0.3
  },
  "Argentina": {
    "attack": 7.00750600585332,
    "defense": 4.540777539078442
  },
  "Algeria": {
    "attack": 0.3,
    "defense": 0.3
  },
  "Spain": {
    "attack": 5.315029904767859,
    "defense": 3.68273537662414
  },
  "Saudi Arabia": {
    "attack": 0.3,
    "defense": 0.3
  },
  "England": {
    "attack": 0.3,
    "defense": 0.3
  },
  "Ghana": {
    "attack": 0.3,
    "defense": 74.29825270673763
  },
  "Portugal": {
    "attack": 0.3167340752544451,
    "defense": 5.110094568916358
  },
  "Colombia": {
    "attack": 0.3,
    "defense": 4.792541272473245
  },
  "Germany": {
    "attack": 0.3,
    "defense": 0.3
  },
  "Japan": {
    "attack": 0.3,
    "defense": 0.3
  },
  "Netherlands": {
    "attack": 0.30591789985023216,
    "defense": 0.3
  },
  "Ivory Coast": {
    "attack": 1.8284007238594715,
    "defense": 0.3
  },
  "Switzerland": {
    "attack": 1.6620103248426266,
    "defense": 1.7804139686926364
  },
  "Qatar": {
    "attack": 0.6209157994032551,
    "defense": 1.714926579399815
  }
}