{
  "Mexico": {
    "attack": 2.586456729078112,
    "defense": 2.7037513375960796
  },
  "South Africa": {
    "attack": 0.36728718621942613,
    "defense": 0.3
  },
  "South Korea": {
    "attack": 2.2197994891606685,
    "defense": 1.2335513840939973
  },
  "Czechia": {
    "attack": 1.1155347538685956,
    "defense": 0.3
  },
  "USA": {
    "attack": 1.0,
    "defense": 1.0
  },
  "Paraguay": {
    "attack": 1.0,
    "defense": 1.0
  },
  "Australia": {
    "attack": 2.3389746217038834,
    "defense": 1.8585219325169124
  },
  "Turkey": {
    "attack": 0.3,
    "defense": 0.3
  },
  "Brazil": {
    "attack": 0.8856301255048347,
    "defense": 1.0
  },
  "Morocco": {
    "attack": 1.0,
    "defense": 1.1143698744951651
  },
  "Croatia": {
    "attack": 1.3617296150199287,
    "defense": 0.3
  },
  "Belgium": {
    "attack": 1.0,
    "defense": 1.0
  },
  "France": {
    "attack": 2.188207855652058,
    "defense": 1.0
  },
  "Senegal": {
    "attack": 1.0,
    "defense": 0.3
  },
  "Argentina": {
    "attack": 2.072402496850084,
    "defense": 1.4668060317160108
  },
  "Algeria": {
    "attack": 0.5331939682839891,
    "defense": 0.3
  },
  "Spain": {
    "attack": 1.0,
    "defense": 1.0
  },
  "Saudi Arabia": {
    "attack": 1.0,
    "defense": 1.0
  },
  "England": {
    "attack": 2.1001405312070474,
    "defense": 0.638270384980071
  },
  "Ghana": {
    "attack": 1.0,
    "defense": 1.0
  },
  "Portugal": {
    "attack": 1.0,
    "defense": 1.0
  },
  "Colombia": {
    "attack": 1.0,
    "defense": 1.0
  },
  "Germany": {
    "attack": 1.0,
    "defense": 1.0
  },
  "Japan": {
    "attack": 2.2378161114714334,
    "defense": 0.3
  },
  "Netherlands": {
    "attack": 2.1485031647436696,
    "defense": 0.3
  },
  "Ivory Coast": {
    "attack": 1.0,
    "defense": 1.0
  },
  "Switzerland": {
    "attack": 1.0,
    "defense": 1.1143698744951651
  },
  "Qatar": {
    "attack": 0.8856301255048347,
    "defense": 1.0
  }
}