{
  "Mexico": {
    "attack": 0.4283282438388428,
    "defense": 8.190040253328256
  },
  "South Africa": {
    "attack": 0.3455,
    "defense": 0.3
  },
  "South Korea": {
    "attack": 0.3,
    "defense": 6.146653330033624
  },
  "Czechia": {
    "attack": 0.38893085716388714,
    "defense": 0.3
  },
  "USA": {
    "attack": 1.0,
    "defense": 1.0
  },
  "Paraguay": {
    "attack": 1.473302074819526,
    "defense": 1.2782351165475672
  },
  "Australia": {
    "attack": 3.302112856145514,
    "defense": 2.4297212449644396
  },
  "Turkey": {
    "attack": 0.3,
    "defense": 0.3
  },
  "Brazil": {
    "attack": 0.8177296931055393,
    "defense": 1.0
  },
  "Morocco": {
    "attack": 1.0,
    "defense": 1.182270306894461
  },
  "Croatia": {
    "attack": 2.560163345378486,
    "defense": 0.3
  },
  "Belgium": {
    "attack": 1.0,
    "defense": 1.0
  },
  "France": {
    "attack": 3.97458987379318,
    "defense": 1.0
  },
  "Senegal": {
    "attack": 1.0,
    "defense": 0.3
  },
  "Argentina": {
    "attack": 3.8887543200744075,
    "defense": 2.002155948768746
  },
  "Algeria": {
    "attack": 0.3,
    "defense": 0.3
  },
  "Spain": {
    "attack": 2.483517473256871,
    "defense": 1.4258744855898309
  },
  "Saudi Arabia": {
    "attack": 0.574125514410169,
    "defense": 0.3
  },
  "England": {
    "attack": 4.693540054201663,
    "defense": 0.3
  },
  "Ghana": {
    "attack": 1.0,
    "defense": 1.0
  },
  "Portugal": {
    "attack": 1.0,
    "defense": 1.0
  },
  "Colombia": {
    "attack": 1.0,
    "defense": 1.0
  },
  "Germany": {
    "attack": 1.6032410209517738,
    "defense": 1.0
  },
  "Japan": {
    "attack": 3.2926814537579743,
    "defense": 0.3
  },
  "Netherlands": {
    "attack": 3.1609343895794,
    "defense": 0.3
  },
  "Ivory Coast": {
    "attack": 1.0,
    "defense": 0.39675897904822643
  },
  "Switzerland": {
    "attack": 1.0,
    "defense": 1.182270306894461
  },
  "Qatar": {
    "attack": 0.8177296931055393,
    "defense": 1.0
  }
}