{
  "Mexico": {
    "attack": 0.5994726720466402,
    "defense": 7.336460527980207
  },
  "South Africa": {
    "attack": 0.3455,
    "defense": 0.3
  },
  "South Korea": {
    "attack": 0.3,
    "defense": 5.461815892996507
  },
  "Czechia": {
    "attack": 0.4977205289036329,
    "defense": 0.3
  },
  "USA": {
    "attack": 1.0,
    "defense": 1.0
  },
  "Paraguay": {
    "attack": 1.38702540720462,
    "defense": 1.2169944444439245
  },
  "Australia": {
    "attack": 3.1609343895794,
    "defense": 2.3235837166130926
  },
  "Turkey": {
    "attack": 0.3,
    "defense": 0.3
  },
  "Brazil": {
    "attack": 0.8276342468321569,
    "defense": 1.0
  },
  "Morocco": {
    "attack": 1.0,
    "defense": 1.1723657531678433
  },
  "Croatia": {
    "attack": 2.3696851367523712,
    "defense": 0.3
  },
  "Belgium": {
    "attack": 1.0,
    "defense": 1.0
  },
  "France": {
    "attack": 3.7127389109678353,
    "defense": 1.0
  },
  "Senegal": {
    "attack": 1.0,
    "defense": 0.3
  },
  "Argentina": {
    "attack": 3.6225103314365383,
    "defense": 1.9146957579272361
  },
  "Algeria": {
    "attack": 0.3,
    "defense": 0.3
  },
  "Spain": {
    "attack": 1.9902645084025121,
    "defense": 1.293262156184288
  },
  "Saudi Arabia": {
    "attack": 0.7067378438157118,
    "defense": 0.3
  },
  "England": {
    "attack": 4.313395071106965,
    "defense": 0.3
  },
  "Ghana": {
    "attack": 1.0,
    "defense": 1.0
  },
  "Portugal": {
    "attack": 1.0,
    "defense": 1.0
  },
  "Colombia": {
    "attack": 1.0,
    "defense": 1.0
  },
  "Germany": {
    "attack": 1.429060228275607,
    "defense": 1.0
  },
  "Japan": {
    "attack": 3.1361807501169396,
    "defense": 0.3
  },
  "Netherlands": {
    "attack": 3.0125304713102588,
    "defense": 0.3
  },
  "Ivory Coast": {
    "attack": 1.0,
    "defense": 0.570939771724393
  },
  "Switzerland": {
    "attack": 1.0,
    "defense": 1.1723657531678433
  },
  "Qatar": {
    "attack": 0.8276342468321569,
    "defense": 1.0
  }
}