{
  "Mexico": {
    "attack": 0.53803898875,
    "defense": 1059.7922659974165
  },
  "South Africa": {
    "attack": 0.3,
    "defense": 0.3045
  },
  "South Korea": {
    "attack": 0.3,
    "defense": 792.2025180574819
  },
  "Czechia": {
    "attack": 0.3,
    "defense": 0.3
  },
  "USA": {
    "attack": 1.0,
    "defense": 1.0
  },
  "Paraguay": {
    "attack": 0.3,
    "defense": 657.2350136956012
  },
  "Australia": {
    "attack": 0.3,
    "defense": 75.11012243544268
  },
  "Turkey": {
    "attack": 0.3,
    "defense": 0.3
  },
  "Brazil": {
    "attack": 0.39505,
    "defense": 43.52734535637917
  },
  "Morocco": {
    "attack": 0.3,
    "defense": 36.640094478507464
  },
  "Croatia": {
    "attack": 0.3,
    "defense": 0.3
  },
  "Belgium": {
    "attack": 0.3,
    "defense": 0.3
  },
  "France": {
    "attack": 0.3,
    "defense": 22.071520740308973
  },
  "Senegal": {
    "attack": 0.39549999999999996,
    "defense": 0.3
  },
  "Argentina": {
    "attack": 8.02001166877553,
    "defense": 7.6411494273751925
  },
  "Algeria": {
    "attack": 0.3,
    "defense": 0.3
  },
  "Spain": {
    "attack": 0.39505,
    "defense": 22.86577112117421
  },
  "Saudi Arabia": {
    "attack": 0.3,
    "defense": 0.3
  },
  "England": {
    "attack": 0.3,
    "defense": 0.3
  },
  "Ghana": {
    "attack": 0.3,
    "defense": 473.2376908645603
  },
  "Portugal": {
    "attack": 0.3,
    "defense": 52.87515392214567
  },
  "Colombia": {
    "attack": 0.4454325,
    "defense": 18.35874668932682
  },
  "Germany": {
    "attack": 0.3,
    "defense": 0.3
  },
  "Japan": {
    "attack": 0.3,
    "defense": 0.3
  },
  "Netherlands": {
    "attack": 0.3,
    "defense": 0.3
  },
  "Ivory Coast": {
    "attack": 2.362448454444527,
    "defense": 0.3
  },
  "Switzerland": {
    "attack": 0.3,
    "defense": 0.3
  },
  "Qatar": {
    "attack": 1.2544853032487313,
    "defense": 2.1065653008393443
  }
}