{
  "Mexico": {
    "attack": 0.53803898875,
    "defense": 2092.692718420363
  },
  "South Africa": {
    "attack": 0.3,
    "defense": 0.3045
  },
  "South Korea": {
    "attack": 0.3,
    "defense": 1557.282913249542
  },
  "Czechia": {
    "attack": 0.3,
    "defense": 0.3
  },
  "USA": {
    "attack": 1.0,
    "defense": 1.0
  },
  "Paraguay": {
    "attack": 0.3,
    "defense": 1450.6405411716937
  },
  "Australia": {
    "attack": 0.3,
    "defense": 105.22317144653759
  },
  "Turkey": {
    "attack": 0.3,
    "defense": 0.3
  },
  "Brazil": {
    "attack": 0.39505,
    "defense": 60.25699199214577
  },
  "Morocco": {
    "attack": 0.3,
    "defense": 62.29962417690908
  },
  "Croatia": {
    "attack": 0.3,
    "defense": 0.3
  },
  "Belgium": {
    "attack": 0.3,
    "defense": 0.3
  },
  "France": {
    "attack": 0.3,
    "defense": 53.615089071083325
  },
  "Senegal": {
    "attack": 0.39549999999999996,
    "defense": 0.3
  },
  "Argentina": {
    "attack": 8.195709285495024,
    "defense": 10.39631801703666
  },
  "Algeria": {
    "attack": 0.3,
    "defense": 0.3
  },
  "Spain": {
    "attack": 0.3,
    "defense": 47.561602238424186
  },
  "Saudi Arabia": {
    "attack": 0.3,
    "defense": 0.3
  },
  "England": {
    "attack": 0.3,
    "defense": 0.32328491297708156
  },
  "Ghana": {
    "attack": 0.3,
    "defense": 902.0789426553656
  },
  "Portugal": {
    "attack": 0.3,
    "defense": 98.90457268936615
  },
  "Colombia": {
    "attack": 0.4454325,
    "defense": 29.09019630490668
  },
  "Germany": {
    "attack": 0.3,
    "defense": 0.3
  },
  "Japan": {
    "attack": 0.3,
    "defense": 0.3
  },
  "Netherlands": {
    "attack": 0.3,
    "defense": 0.3
  },
  "Ivory Coast": {
    "attack": 2.4986340470235455,
    "defense": 0.3
  },
  "Switzerland": {
    "attack": 0.3,
    "defense": 0.3
  },
  "Qatar": {
    "attack": 1.5266694035642705,
    "defense": 1.9096189487882795
  }
}