{
  "Mexico": {
    "attack": 0.4455,
    "defense": 100.98449835666607
  },
  "South Africa": {
    "attack": 0.3,
    "defense": 0.3045
  },
  "South Korea": {
    "attack": 0.3,
    "defense": 76.75007130018487
  },
  "Czechia": {
    "attack": 0.3,
    "defense": 0.3
  },
  "USA": {
    "attack": 1.0,
    "defense": 1.0
  },
  "Paraguay": {
    "attack": 0.49640658701479207,
    "defense": 43.66042311700211
  },
  "Australia": {
    "attack": 0.3,
    "defense": 19.99618490692643
  },
  "Turkey": {
    "attack": 0.3,
    "defense": 0.3
  },
  "Brazil": {
    "attack": 0.39505,
    "defense": 12.892741554401118
  },
  "Morocco": {
    "attack": 0.4955,
    "defense": 9.710401420992294
  },
  "Croatia": {
    "attack": 0.32027855304868336,
    "defense": 0.3
  },
  "Belgium": {
    "attack": 2.9932728332831817,
    "defense": 0.3
  },
  "France": {
    "attack": 0.3,
    "defense": 1.6854041532637813
  },
  "Senegal": {
    "attack": 1.608966338737107,
    "defense": 0.3
  },
  "Argentina": {
    "attack": 6.788793546106091,
    "defense": 4.152732646324702
  },
  "Algeria": {
    "attack": 0.3,
    "defense": 0.3
  },
  "Spain": {
    "attack": 7.856232003836156,
    "defense": 3.129530361858531
  },
  "Saudi Arabia": {
    "attack": 0.3,
    "defense": 0.3
  },
  "England": {
    "attack": 0.3,
    "defense": 0.30832651427417873
  },
  "Ghana": {
    "attack": 0.4845342230270777,
    "defense": 50.82268234329293
  },
  "Portugal": {
    "attack": 0.6219550692322684,
    "defense": 1.96115124370576
  },
  "Colombia": {
    "attack": 0.3,
    "defense": 3.63932239196753
  },
  "Germany": {
    "attack": 0.3,
    "defense": 0.3
  },
  "Japan": {
    "attack": 0.3,
    "defense": 0.3
  },
  "Netherlands": {
    "attack": 0.3807389619250996,
    "defense": 0.3
  },
  "Ivory Coast": {
    "attack": 1.6855516544589284,
    "defense": 0.3
  },
  "Switzerland": {
    "attack": 1.646741736375467,
    "defense": 1.5722303977684828
  },
  "Qatar": {
    "attack": 0.6791505712791613,
    "defense": 1.288565487327357
  }
}