{
  "Mexico": {
    "attack": 0.4455,
    "defense": 53.302606774098585
  },
  "South Africa": {
    "attack": 0.3,
    "defense": 0.3045
  },
  "South Korea": {
    "attack": 0.3,
    "defense": 37.34347231252966
  },
  "Czechia": {
    "attack": 0.3,
    "defense": 0.3
  },
  "USA": {
    "attack": 1.0,
    "defense": 1.0
  },
  "Paraguay": {
    "attack": 0.5455,
    "defense": 16.719062471889302
  },
  "Australia": {
    "attack": 0.3,
    "defense": 11.518872054778535
  },
  "Turkey": {
    "attack": 0.3,
    "defense": 0.3
  },
  "Brazil": {
    "attack": 0.6393823937966452,
    "defense": 7.9594757003589764
  },
  "Morocco": {
    "attack": 0.8350073020465487,
    "defense": 6.175184957554472
  },
  "Croatia": {
    "attack": 0.3220636128508841,
    "defense": 0.3
  },
  "Belgium": {
    "attack": 1.6458329651515908,
    "defense": 0.7440607993407679
  },
  "France": {
    "attack": 6.326456727942323,
    "defense": 1.0254181147052621
  },
  "Senegal": {
    "attack": 1.23052108595397,
    "defense": 0.3
  },
  "Argentina": {
    "attack": 6.280078015193007,
    "defense": 3.473293351880358
  },
  "Algeria": {
    "attack": 0.3,
    "defense": 0.3
  },
  "Spain": {
    "attack": 6.913767743237832,
    "defense": 2.61749983109822
  },
  "Saudi Arabia": {
    "attack": 0.3,
    "defense": 0.3
  },
  "England": {
    "attack": 0.3,
    "defense": 0.3178622200666398
  },
  "Ghana": {
    "attack": 1.2053581642770377,
    "defense": 25.719470251724424
  },
  "Portugal": {
    "attack": 0.39505,
    "defense": 1.8403621970901751
  },
  "Colombia": {
    "attack": 0.3,
    "defense": 1.8039961489159284
  },
  "Germany": {
    "attack": 0.3,
    "defense": 0.3
  },
  "Japan": {
    "attack": 0.535758364708384,
    "defense": 0.3
  },
  "Netherlands": {
    "attack": 1.1435470746803222,
    "defense": 0.3
  },
  "Ivory Coast": {
    "attack": 1.357888509953754,
    "defense": 0.3
  },
  "Switzerland": {
    "attack": 1.0,
    "defense": 1.261467258382907
  },
  "Qatar": {
    "attack": 0.7385327416170943,
    "defense": 1.0
  }
}