{
  "Mexico": {
    "attack": 0.4455,
    "defense": 21.55830318359463
  },
  "South Africa": {
    "attack": 0.3,
    "defense": 0.3045
  },
  "South Korea": {
    "attack": 0.3,
    "defense": 14.375624330008174
  },
  "Czechia": {
    "attack": 0.3,
    "defense": 0.3
  },
  "USA": {
    "attack": 1.0,
    "defense": 1.0
  },
  "Paraguay": {
    "attack": 0.3,
    "defense": 5.81292103752736
  },
  "Australia": {
    "attack": 0.6672911297247024,
    "defense": 5.3928198900180115
  },
  "Turkey": {
    "attack": 0.3,
    "defense": 0.3
  },
  "Brazil": {
    "attack": 0.7659606416085303,
    "defense": 1.0
  },
  "Morocco": {
    "attack": 1.0,
    "defense": 1.2340393583914706
  },
  "Croatia": {
    "attack": 0.30975779413459137,
    "defense": 0.3
  },
  "Belgium": {
    "attack": 1.0,
    "defense": 1.0
  },
  "France": {
    "attack": 5.422777406776555,
    "defense": 1.0
  },
  "Senegal": {
    "attack": 1.0,
    "defense": 0.3
  },
  "Argentina": {
    "attack": 5.361237830987855,
    "defense": 2.6966137634931635
  },
  "Algeria": {
    "attack": 0.3,
    "defense": 0.3
  },
  "Spain": {
    "attack": 5.211492144809344,
    "defense": 2.032188288000277
  },
  "Saudi Arabia": {
    "attack": 0.3,
    "defense": 0.3
  },
  "England": {
    "attack": 0.3,
    "defense": 0.3129406008536316
  },
  "Ghana": {
    "attack": 0.887019630880983,
    "defense": 12.426361874828372
  },
  "Portugal": {
    "attack": 0.801739413972783,
    "defense": 1.217687785758473
  },
  "Colombia": {
    "attack": 0.7823122142415267,
    "defense": 1.1982605860272169
  },
  "Germany": {
    "attack": 2.8565313059041073,
    "defense": 1.0
  },
  "Japan": {
    "attack": 4.172831270231474,
    "defense": 0.3
  },
  "Netherlands": {
    "attack": 3.981694038367113,
    "defense": 0.3
  },
  "Ivory Coast": {
    "attack": 1.0,
    "defense": 0.3
  },
  "Switzerland": {
    "attack": 1.0,
    "defense": 1.2340393583914706
  },
  "Qatar": {
    "attack": 0.7659606416085303,
    "defense": 1.0
  }
}