{
  "Mexico": {
    "attack": 1.6682555060665154,
    "defense": 1.57836475340243
  },
  "South Africa": {
    "attack": 0.4216352465975698,
    "defense": 0.3317444939334848
  },
  "South Korea": {
    "attack": 1.6682555060665154,
    "defense": 1.0
  },
  "Czechia": {
    "attack": 1.0,
    "defense": 0.3317444939334848
  },
  "USA": {
    "attack": 1.0,
    "defense": 1.0
  },
  "Paraguay": {
    "attack": 1.0,
    "defense": 1.0
  },
  "Australia": {
    "attack": 1.228381851130308,
    "defense": 1.2462952230286242
  },
  "Turkey": {
    "attack": 0.7537047769713758,
    "defense": 0.7716181488696922
  },
  "Brazil": {
    "attack": 0.9700754566550789,
    "defense": 1.0
  },
  "Morocco": {
    "attack": 1.0,
    "defense": 1.029924543344921
  },
  "Croatia": {
    "attack": 1.0,
    "defense": 1.0
  },
  "Belgium": {
    "attack": 1.0,
    "defense": 1.0
  },
  "France": {
    "attack": 1.0,
    "defense": 1.0
  },
  "Senegal": {
    "attack": 1.0,
    "defense": 1.0
  },
  "Argentina": {
    "attack": 1.0,
    "defense": 1.0
  },
  "Algeria": {
    "attack": 1.0,
    "defense": 1.0
  },
  "Spain": {
    "attack": 1.0,
    "defense": 1.0
  },
  "Saudi Arabia": {
    "attack": 1.0,
    "defense": 1.0
  },
  "England": {
    "attack": 1.0,
    "defense": 1.0
  },
  "Ghana": {
    "attack": 1.0,
    "defense": 1.0
  },
  "Portugal": {
    "attack": 1.0,
    "defense": 1.0
  },
  "Colombia": {
    "attack": 1.0,
    "defense": 1.0
  },
  "Germany": {
    "attack": 1.0,
    "defense": 1.0
  },
  "Japan": {
    "attack": 1.100125,
    "defense": 0.909888625
  },
  "Netherlands": {
    "attack": 1.090111375,
    "defense": 0.899875
  },
  "Ivory Coast": {
    "attack": 1.0,
    "defense": 1.0
  },
  "Switzerland": {
    "attack": 1.0,
    "defense": 1.029924543344921
  },
  "Qatar": {
    "attack": 0.9700754566550789,
    "defense": 1.0
  }
}