{
  "Mexico": {
    "attack": 2.3389746217038834,
    "defense": 1.8585219325169124
  },
  "South Africa": {
    "attack": 0.3,
    "defense": 0.3
  },
  "South Korea": {
    "attack": 2.3389746217038834,
    "defense": 1.0
  },
  "Czechia": {
    "attack": 1.0,
    "defense": 0.3
  },
  "USA": {
    "attack": 1.0,
    "defense": 1.0
  },
  "Paraguay": {
    "attack": 1.0,
    "defense": 1.0
  },
  "Australia": {
    "attack": 1.8091426302728597,
    "defense": 1.642934322307192
  },
  "Turkey": {
    "attack": 0.35706567769280795,
    "defense": 0.3
  },
  "Brazil": {
    "attack": 0.9216661961059203,
    "defense": 1.0
  },
  "Morocco": {
    "attack": 1.0,
    "defense": 1.0783338038940795
  },
  "Croatia": {
    "attack": 1.0,
    "defense": 1.0
  },
  "Belgium": {
    "attack": 1.0,
    "defense": 1.0
  },
  "France": {
    "attack": 1.2874922627888477,
    "defense": 1.0
  },
  "Senegal": {
    "attack": 1.0,
    "defense": 0.7125077372111523
  },
  "Argentina": {
    "attack": 1.190496375,
    "defense": 1.099875
  },
  "Algeria": {
    "attack": 0.900125,
    "defense": 0.8095036250000001
  },
  "Spain": {
    "attack": 1.0,
    "defense": 1.0
  },
  "Saudi Arabia": {
    "attack": 1.0,
    "defense": 1.0
  },
  "England": {
    "attack": 1.0,
    "defense": 1.0
  },
  "Ghana": {
    "attack": 1.0,
    "defense": 1.0
  },
  "Portugal": {
    "attack": 1.0,
    "defense": 1.0
  },
  "Colombia": {
    "attack": 1.0,
    "defense": 1.0
  },
  "Germany": {
    "attack": 1.0,
    "defense": 1.0
  },
  "Japan": {
    "attack": 1.6710644076421124,
    "defense": 0.39675897904822643
  },
  "Netherlands": {
    "attack": 1.6032410209517738,
    "defense": 0.3289355923578873
  },
  "Ivory Coast": {
    "attack": 1.0,
    "defense": 1.0
  },
  "Switzerland": {
    "attack": 1.0,
    "defense": 1.0783338038940795
  },
  "Qatar": {
    "attack": 0.9216661961059203,
    "defense": 1.0
  }
}