{
  "Mexico": {
    "attack": 0.4455,
    "defense": 47.917858955192216
  },
  "South Africa": {
    "attack": 0.3,
    "defense": 0.3045
  },
  "South Korea": {
    "attack": 0.3,
    "defense": 33.21009365567282
  },
  "Czechia": {
    "attack": 0.3,
    "defense": 0.3
  },
  "USA": {
    "attack": 1.0,
    "defense": 1.0
  },
  "Paraguay": {
    "attack": 0.5455,
    "defense": 15.272320839978395
  },
  "Australia": {
    "attack": 0.3,
    "defense": 10.492136771427425
  },
  "Turkey": {
    "attack": 0.3,
    "defense": 0.3
  },
  "Brazil": {
    "attack": 0.8155445855051104,
    "defense": 6.785141055401605
  },
  "Morocco": {
    "attack": 1.0679980338868387,
    "defense": 5.135270996182956
  },
  "Croatia": {
    "attack": 0.3,
    "defense": 0.3
  },
  "Belgium": {
    "attack": 1.393928095375,
    "defense": 0.8489153029868947
  },
  "France": {
    "attack": 6.232921215244542,
    "defense": 1.00752440546875
  },
  "Senegal": {
    "attack": 1.1435602915443552,
    "defense": 0.3
  },
  "Argentina": {
    "attack": 6.184973274269997,
    "defense": 3.371392998500675
  },
  "Algeria": {
    "attack": 0.3,
    "defense": 0.3
  },
  "Spain": {
    "attack": 6.737573359762809,
    "defense": 2.540706963137392
  },
  "Saudi Arabia": {
    "attack": 0.3,
    "defense": 0.3
  },
  "England": {
    "attack": 0.3,
    "defense": 0.3174056253374643
  },
  "Ghana": {
    "attack": 1.1758248562027547,
    "defense": 23.534042515260648
  },
  "Portugal": {
    "attack": 0.3,
    "defense": 1.8024541063026316
  },
  "Colombia": {
    "attack": 0.3,
    "defense": 1.7510700564594417
  },
  "Germany": {
    "attack": 0.3,
    "defense": 0.3
  },
  "Japan": {
    "attack": 0.9224546353948131,
    "defense": 0.3
  },
  "Netherlands": {
    "attack": 1.6774111187290157,
    "defense": 0.3
  },
  "Ivory Coast": {
    "attack": 1.2972645622961212,
    "defense": 0.3
  },
  "Switzerland": {
    "attack": 1.0,
    "defense": 1.2588766566110354
  },
  "Qatar": {
    "attack": 0.7411233433889658,
    "defense": 1.0
  }
}