{
  "Mexico": {
    "attack": 0.53803898875,
    "defense": 197.52702575523878
  },
  "South Africa": {
    "attack": 0.3,
    "defense": 0.3045
  },
  "South Korea": {
    "attack": 0.3,
    "defense": 148.22302278520525
  },
  "Czechia": {
    "attack": 0.3,
    "defense": 0.3
  },
  "USA": {
    "attack": 1.0,
    "defense": 1.0
  },
  "Paraguay": {
    "attack": 0.4362706135049887,
    "defense": 92.88155589822841
  },
  "Australia": {
    "attack": 0.3,
    "defense": 30.696981176721707
  },
  "Turkey": {
    "attack": 0.3,
    "defense": 0.3
  },
  "Brazil": {
    "attack": 0.39505,
    "defense": 18.788482949197647
  },
  "Morocco": {
    "attack": 0.4955,
    "defense": 12.692162744834395
  },
  "Croatia": {
    "attack": 0.3,
    "defense": 0.3
  },
  "Belgium": {
    "attack": 3.9278730535357256,
    "defense": 0.3
  },
  "France": {
    "attack": 0.3,
    "defense": 3.749905546648708
  },
  "Senegal": {
    "attack": 1.1312054191876149,
    "defense": 0.3
  },
  "Argentina": {
    "attack": 7.141644651733929,
    "defense": 4.819415771474544
  },
  "Algeria": {
    "attack": 0.3,
    "defense": 0.3
  },
  "Spain": {
    "attack": 1.0369275671862792,
    "defense": 4.259664930382862
  },
  "Saudi Arabia": {
    "attack": 0.3,
    "defense": 0.3
  },
  "England": {
    "attack": 0.3,
    "defense": 0.3
  },
  "Ghana": {
    "attack": 0.3,
    "defense": 95.5924551477573
  },
  "Portugal": {
    "attack": 0.30446526772554994,
    "defense": 10.81177063044403
  },
  "Colombia": {
    "attack": 0.42491387086776466,
    "defense": 6.138234169609271
  },
  "Germany": {
    "attack": 0.3,
    "defense": 0.3
  },
  "Japan": {
    "attack": 0.3,
    "defense": 0.3
  },
  "Netherlands": {
    "attack": 0.3,
    "defense": 0.3
  },
  "Ivory Coast": {
    "attack": 1.916685261808128,
    "defense": 0.3
  },
  "Switzerland": {
    "attack": 0.9832611151656352,
    "defense": 1.5474947379479262
  },
  "Qatar": {
    "attack": 0.5884267131257439,
    "defense": 2.049792855929954
  }
}