{
  "Mexico": {
    "attack": 0.53803898875,
    "defense": 362.9119338270985
  },
  "South Africa": {
    "attack": 0.3,
    "defense": 0.3045
  },
  "South Korea": {
    "attack": 0.3,
    "defense": 270.82208674628305
  },
  "Czechia": {
    "attack": 0.3,
    "defense": 0.3
  },
  "USA": {
    "attack": 1.0,
    "defense": 1.0
  },
  "Paraguay": {
    "attack": 0.34170214627788853,
    "defense": 186.6275912804141
  },
  "Australia": {
    "attack": 0.3,
    "defense": 43.616348706568
  },
  "Turkey": {
    "attack": 0.3,
    "defense": 0.3
  },
  "Brazil": {
    "attack": 0.39505,
    "defense": 26.255290282447966
  },
  "Morocco": {
    "attack": 0.3221618713949226,
    "defense": 17.226730567748742
  },
  "Croatia": {
    "attack": 0.3,
    "defense": 0.3
  },
  "Belgium": {
    "attack": 4.645881769814592,
    "defense": 0.3
  },
  "France": {
    "attack": 0.3,
    "defense": 7.169831715086507
  },
  "Senegal": {
    "attack": 0.5390359133900927,
    "defense": 0.3
  },
  "Argentina": {
    "attack": 7.412723305365064,
    "defense": 5.510471680360873
  },
  "Algeria": {
    "attack": 0.3,
    "defense": 0.3
  },
  "Spain": {
    "attack": 0.3,
    "defense": 5.909986910093848
  },
  "Saudi Arabia": {
    "attack": 0.3,
    "defense": 0.3
  },
  "England": {
    "attack": 0.3,
    "defense": 0.3
  },
  "Ghana": {
    "attack": 0.3,
    "defense": 169.40621053899713
  },
  "Portugal": {
    "attack": 0.3,
    "defense": 18.830492729443392
  },
  "Colombia": {
    "attack": 0.44249221359802665,
    "defense": 9.414262452985998
  },
  "Germany": {
    "attack": 0.3,
    "defense": 0.3
  },
  "Japan": {
    "attack": 0.3,
    "defense": 0.3
  },
  "Netherlands": {
    "attack": 0.3,
    "defense": 0.3
  },
  "Ivory Coast": {
    "attack": 2.09685061956894,
    "defense": 0.3
  },
  "Switzerland": {
    "attack": 0.49416865844382246,
    "defense": 0.3580268798668619
  },
  "Qatar": {
    "attack": 0.7151834951268193,
    "defense": 2.2765354968710856
  }
}