{
  "Mexico": {
    "attack": 0.4455,
    "defense": 77.37971086134193
  },
  "South Africa": {
    "attack": 0.3,
    "defense": 0.3045
  },
  "South Korea": {
    "attack": 0.3,
    "defense": 56.683903330180804
  },
  "Czechia": {
    "attack": 0.3,
    "defense": 0.3
  },
  "USA": {
    "attack": 1.0,
    "defense": 1.0
  },
  "Paraguay": {
    "attack": 0.5455,
    "defense": 23.316237954456412
  },
  "Australia": {
    "attack": 0.3,
    "defense": 15.97059120992272
  },
  "Turkey": {
    "attack": 0.3,
    "defense": 0.3
  },
  "Brazil": {
    "attack": 0.39505,
    "defense": 10.787106747688368
  },
  "Morocco": {
    "attack": 0.4955,
    "defense": 8.431256083867666
  },
  "Croatia": {
    "attack": 0.3211043018708749,
    "defense": 0.3
  },
  "Belgium": {
    "attack": 2.464325319764277,
    "defense": 0.3050240654679723
  },
  "France": {
    "attack": 6.6303734489481885,
    "defense": 1.18771434968316
  },
  "Senegal": {
    "attack": 1.507261584848868,
    "defense": 0.3
  },
  "Argentina": {
    "attack": 6.58909349155891,
    "defense": 3.8548169575999887
  },
  "Algeria": {
    "attack": 0.3,
    "defense": 0.3
  },
  "Spain": {
    "attack": 7.486260668554847,
    "defense": 2.9050188720656283
  },
  "Saudi Arabia": {
    "attack": 0.3,
    "defense": 0.3
  },
  "England": {
    "attack": 0.3,
    "defense": 0.31542796230893083
  },
  "Ghana": {
    "attack": 0.9198892697786956,
    "defense": 37.19208378642017
  },
  "Portugal": {
    "attack": 0.6593004146940911,
    "defense": 1.9052755734041287
  },
  "Colombia": {
    "attack": 0.3,
    "defense": 2.571308850456949
  },
  "Germany": {
    "attack": 0.3,
    "defense": 0.3
  },
  "Japan": {
    "attack": 0.3,
    "defense": 0.3
  },
  "Netherlands": {
    "attack": 0.47472231712210444,
    "defense": 0.3
  },
  "Ivory Coast": {
    "attack": 1.556206120141605,
    "defense": 0.3
  },
  "Switzerland": {
    "attack": 1.4719623623518463,
    "defense": 1.4247207764227667
  },
  "Qatar": {
    "attack": 0.7149931730585433,
    "defense": 1.0881732048191863
  }
}