{
  "Mexico": {
    "attack": 0.53803898875,
    "defense": 2240.102792726344
  },
  "South Africa": {
    "attack": 0.3,
    "defense": 0.3045
  },
  "South Korea": {
    "attack": 0.3,
    "defense": 1666.2485591654715
  },
  "Czechia": {
    "attack": 0.3,
    "defense": 0.3
  },
  "USA": {
    "attack": 1.0,
    "defense": 1.0
  },
  "Paraguay": {
    "attack": 0.3,
    "defense": 1570.308479141996
  },
  "Australia": {
    "attack": 0.3,
    "defense": 108.83101488337968
  },
  "Turkey": {
    "attack": 0.3,
    "defense": 0.3
  },
  "Brazil": {
    "attack": 0.39505,
    "defense": 62.26931386892231
  },
  "Morocco": {
    "attack": 0.3,
    "defense": 65.80499142891475
  },
  "Croatia": {
    "attack": 0.3,
    "defense": 0.3
  },
  "Belgium": {
    "attack": 0.3,
    "defense": 0.3
  },
  "France": {
    "attack": 0.3,
    "defense": 58.6970629929867
  },
  "Senegal": {
    "attack": 0.39549999999999996,
    "defense": 0.3
  },
  "Argentina": {
    "attack": 8.201632053512764,
    "defense": 10.786445750131769
  },
  "Algeria": {
    "attack": 0.3,
    "defense": 0.3
  },
  "Spain": {
    "attack": 0.3,
    "defense": 51.202644809285125
  },
  "Saudi Arabia": {
    "attack": 0.3,
    "defense": 0.3
  },
  "England": {
    "attack": 0.3,
    "defense": 0.3233751074138999
  },
  "Ghana": {
    "attack": 0.3,
    "defense": 962.2496809907768
  },
  "Portugal": {
    "attack": 0.3,
    "defense": 105.29202485751654
  },
  "Colombia": {
    "attack": 0.4454325,
    "defense": 30.523946391339056
  },
  "Germany": {
    "attack": 0.3,
    "defense": 0.3
  },
  "Japan": {
    "attack": 0.3,
    "defense": 0.3
  },
  "Netherlands": {
    "attack": 0.3,
    "defense": 0.3
  },
  "Ivory Coast": {
    "attack": 2.5111545363181924,
    "defense": 0.3
  },
  "Switzerland": {
    "attack": 0.3,
    "defense": 0.3
  },
  "Qatar": {
    "attack": 1.55147935840546,
    "defense": 1.8882632330201037
  }
}