{
  "Mexico": {
    "attack": 0.5380306580435344,
    "defense": 131.95715129856765
  },
  "South Africa": {
    "attack": 0.3,
    "defense": 0.3045
  },
  "South Korea": {
    "attack": 0.3,
    "defense": 99.46064788905448
  },
  "Czechia": {
    "attack": 0.3,
    "defense": 0.3
  },
  "USA": {
    "attack": 1.0,
    "defense": 1.0
  },
  "Paraguay": {
    "attack": 0.4775920088844811,
    "defense": 58.83767339774637
  },
  "Australia": {
    "attack": 0.3,
    "defense": 23.82119934802347
  },
  "Turkey": {
    "attack": 0.3,
    "defense": 0.3
  },
  "Brazil": {
    "attack": 0.39505,
    "defense": 14.945109072973983
  },
  "Morocco": {
    "attack": 0.4955,
    "defense": 10.817869346793636
  },
  "Croatia": {
    "attack": 0.31951847300034253,
    "defense": 0.3
  },
  "Belgium": {
    "attack": 3.3858654508795745,
    "defense": 0.3
  },
  "France": {
    "attack": 0.3,
    "defense": 2.331319077375626
  },
  "Senegal": {
    "attack": 1.5151288752068495,
    "defense": 0.3
  },
  "Argentina": {
    "attack": 6.937013861250873,
    "defense": 4.407559066299538
  },
  "Algeria": {
    "attack": 0.3,
    "defense": 0.3
  },
  "Spain": {
    "attack": 7.36263150443387,
    "defense": 3.4179283315650824
  },
  "Saudi Arabia": {
    "attack": 0.3,
    "defense": 0.3
  },
  "England": {
    "attack": 0.3,
    "defense": 0.3
  },
  "Ghana": {
    "attack": 0.3,
    "defense": 65.45509158556938
  },
  "Portugal": {
    "attack": 0.4310964641232105,
    "defense": 2.7807819882788323
  },
  "Colombia": {
    "attack": 0.3,
    "defense": 4.45599803599544
  },
  "Germany": {
    "attack": 0.3,
    "defense": 0.3
  },
  "Japan": {
    "attack": 0.3,
    "defense": 0.3
  },
  "Netherlands": {
    "attack": 0.328900047597705,
    "defense": 0.3
  },
  "Ivory Coast": {
    "attack": 1.7822162115586297,
    "defense": 0.3
  },
  "Switzerland": {
    "attack": 1.6811455479398665,
    "defense": 1.7075130368625548
  },
  "Qatar": {
    "attack": 0.6417384833153791,
    "defense": 1.5484132558362944
  }
}