{
  "Mexico": {
    "attack": 0.4455,
    "defense": 38.72534691214539
  },
  "South Africa": {
    "attack": 0.3,
    "defense": 0.3045
  },
  "South Korea": {
    "attack": 0.3,
    "defense": 26.350892437580704
  },
  "Czechia": {
    "attack": 0.3,
    "defense": 0.3
  },
  "USA": {
    "attack": 1.0,
    "defense": 1.0
  },
  "Paraguay": {
    "attack": 0.6108328380670285,
    "defense": 12.789249531948993
  },
  "Australia": {
    "attack": 0.3,
    "defense": 8.655958554816147
  },
  "Turkey": {
    "attack": 0.3,
    "defense": 0.3
  },
  "Brazil": {
    "attack": 1.094154662982873,
    "defense": 3.9824071453769045
  },
  "Morocco": {
    "attack": 1.4768702069578856,
    "defense": 2.9637373948569943
  },
  "Croatia": {
    "attack": 0.3,
    "defense": 0.3
  },
  "Belgium": {
    "attack": 1.0,
    "defense": 1.0
  },
  "France": {
    "attack": 6.036248759788953,
    "defense": 1.0
  },
  "Senegal": {
    "attack": 1.0,
    "defense": 0.3
  },
  "Argentina": {
    "attack": 5.985001280924203,
    "defense": 3.1764733172864092
  },
  "Algeria": {
    "attack": 0.3,
    "defense": 0.3
  },
  "Spain": {
    "attack": 6.36709822111166,
    "defense": 2.3938140344477237
  },
  "Saudi Arabia": {
    "attack": 0.3,
    "defense": 0.3
  },
  "England": {
    "attack": 0.3,
    "defense": 0.31640529859072003
  },
  "Ghana": {
    "attack": 1.1111220550120902,
    "defense": 19.749087905603428
  },
  "Portugal": {
    "attack": 0.35706567769280795,
    "defense": 1.6870608182457458
  },
  "Colombia": {
    "attack": 0.31293918175425367,
    "defense": 1.642934322307192
  },
  "Germany": {
    "attack": 0.34531487955571216,
    "defense": 0.3
  },
  "Japan": {
    "attack": 2.2841037125298693,
    "defense": 0.3
  },
  "Netherlands": {
    "attack": 2.9917183612498706,
    "defense": 0.3
  },
  "Ivory Coast": {
    "attack": 1.170378150423071,
    "defense": 0.3
  },
  "Switzerland": {
    "attack": 1.0,
    "defense": 1.2532271905090235
  },
  "Qatar": {
    "attack": 0.7467728094909777,
    "defense": 1.0
  }
}