{
  "Mexico": {
    "attack": 0.47292955766911093,
    "defense": 7.895013663313592
  },
  "South Africa": {
    "attack": 0.3455,
    "defense": 0.3
  },
  "South Korea": {
    "attack": 0.3,
    "defense": 5.935520467785748
  },
  "Czechia": {
    "attack": 0.41895192441491513,
    "defense": 0.3
  },
  "USA": {
    "attack": 1.0,
    "defense": 1.0
  },
  "Paraguay": {
    "attack": 1.4449767257051025,
    "defense": 1.2574865878480739
  },
  "Australia": {
    "attack": 3.255834119110843,
    "defense": 2.3938140344477237
  },
  "Turkey": {
    "attack": 0.3,
    "defense": 0.3
  },
  "Brazil": {
    "attack": 0.820966784022256,
    "defense": 1.0
  },
  "Morocco": {
    "attack": 1.0,
    "defense": 1.1790332159777444
  },
  "Croatia": {
    "attack": 2.4976277618055693,
    "defense": 0.3
  },
  "Belgium": {
    "attack": 1.0,
    "defense": 1.0
  },
  "France": {
    "attack": 3.8887543200744075,
    "defense": 1.0
  },
  "Senegal": {
    "attack": 1.0,
    "defense": 0.3
  },
  "Argentina": {
    "attack": 3.801478718936866,
    "defense": 1.972567437210587
  },
  "Algeria": {
    "attack": 0.3,
    "defense": 0.3
  },
  "Spain": {
    "attack": 2.321827629137642,
    "defense": 1.3832172589683933
  },
  "Saudi Arabia": {
    "attack": 0.6167827410316066,
    "defense": 0.3
  },
  "England": {
    "attack": 4.568927355568544,
    "defense": 0.3
  },
  "Ghana": {
    "attack": 1.0,
    "defense": 1.0
  },
  "Portugal": {
    "attack": 1.0,
    "defense": 1.0
  },
  "Colombia": {
    "attack": 1.0,
    "defense": 1.0
  },
  "Germany": {
    "attack": 1.54207927427392,
    "defense": 1.0
  },
  "Japan": {
    "attack": 3.2413009682822076,
    "defense": 0.3
  },
  "Netherlands": {
    "attack": 3.1122871271778343,
    "defense": 0.3
  },
  "Ivory Coast": {
    "attack": 1.0,
    "defense": 0.4579207257260801
  },
  "Switzerland": {
    "attack": 1.0,
    "defense": 1.1790332159777444
  },
  "Qatar": {
    "attack": 0.820966784022256,
    "defense": 1.0
  }
}