{
  "Mexico": {
    "attack": 0.4455,
    "defense": 95.74788521479823
  },
  "South Africa": {
    "attack": 0.3,
    "defense": 0.3045
  },
  "South Korea": {
    "attack": 0.3,
    "defense": 72.21700554348634
  },
  "Czechia": {
    "attack": 0.3,
    "defense": 0.3
  },
  "USA": {
    "attack": 1.0,
    "defense": 1.0
  },
  "Paraguay": {
    "attack": 0.5000342431227254,
    "defense": 40.561695954313485
  },
  "Australia": {
    "attack": 0.3,
    "defense": 19.129852328114957
  },
  "Turkey": {
    "attack": 0.3,
    "defense": 0.3
  },
  "Brazil": {
    "attack": 0.39505,
    "defense": 12.433716632051206
  },
  "Morocco": {
    "attack": 0.4955,
    "defense": 9.446903428214132
  },
  "Croatia": {
    "attack": 0.3204541838470007,
    "defense": 0.3
  },
  "Belgium": {
    "attack": 2.890973902677358,
    "defense": 0.3
  },
  "France": {
    "attack": 0.3,
    "defense": 1.560864702874262
  },
  "Senegal": {
    "attack": 1.6073915589648262,
    "defense": 0.3
  },
  "Argentina": {
    "attack": 6.750171373773352,
    "defense": 4.091362213127785
  },
  "Algeria": {
    "attack": 0.3,
    "defense": 0.3
  },
  "Spain": {
    "attack": 7.784679210814597,
    "defense": 3.083281144688208
  },
  "Saudi Arabia": {
    "attack": 0.3,
    "defense": 0.3
  },
  "England": {
    "attack": 0.3,
    "defense": 0.30951430381822714
  },
  "Ghana": {
    "attack": 0.5551009516119149,
    "defense": 47.72704296952562
  },
  "Portugal": {
    "attack": 0.6403992861335138,
    "defense": 1.9492668930196198
  },
  "Colombia": {
    "attack": 0.3,
    "defense": 3.4255963222494312
  },
  "Germany": {
    "attack": 0.3,
    "defense": 0.3
  },
  "Japan": {
    "attack": 0.3,
    "defense": 0.3
  },
  "Netherlands": {
    "attack": 0.3955027948560056,
    "defense": 0.3
  },
  "Ivory Coast": {
    "attack": 1.6604585324456127,
    "defense": 0.3
  },
  "Switzerland": {
    "attack": 1.6231723485285894,
    "defense": 1.5407444036984548
  },
  "Qatar": {
    "attack": 0.6874016333624628,
    "defense": 1.2380842789873463
  }
}