{
  "Mexico": {
    "attack": 0.4455,
    "defense": 29.673427068810756
  },
  "South Africa": {
    "attack": 0.3,
    "defense": 0.3045
  },
  "South Korea": {
    "attack": 0.3,
    "defense": 19.880252614523613
  },
  "Czechia": {
    "attack": 0.3,
    "defense": 0.3
  },
  "USA": {
    "attack": 1.0,
    "defense": 1.0
  },
  "Paraguay": {
    "attack": 0.6073949263604457,
    "defense": 9.368900545655668
  },
  "Australia": {
    "attack": 0.3,
    "defense": 6.684301051345946
  },
  "Turkey": {
    "attack": 0.3,
    "defense": 0.3
  },
  "Brazil": {
    "attack": 0.9956754796307254,
    "defense": 1.6183327892658466
  },
  "Morocco": {
    "attack": 1.1591487913767726,
    "defense": 1.4032566043861276
  },
  "Croatia": {
    "attack": 0.3,
    "defense": 0.3
  },
  "Belgium": {
    "attack": 1.0,
    "defense": 1.0
  },
  "France": {
    "attack": 5.771268213471498,
    "defense": 1.0
  },
  "Senegal": {
    "attack": 1.0,
    "defense": 0.3
  },
  "Argentina": {
    "attack": 5.7155752043431605,
    "defense": 2.948594155146613
  },
  "Algeria": {
    "attack": 0.3,
    "defense": 0.3
  },
  "Spain": {
    "attack": 5.867950008366722,
    "defense": 2.2220825945770297
  },
  "Saudi Arabia": {
    "attack": 0.3,
    "defense": 0.3
  },
  "England": {
    "attack": 0.3,
    "defense": 0.31497220492349604
  },
  "Ghana": {
    "attack": 1.0184271681265953,
    "defense": 15.93991414431366
  },
  "Portugal": {
    "attack": 0.5331939682839891,
    "defense": 1.506447848366954
  },
  "Colombia": {
    "attack": 0.49355215163304567,
    "defense": 1.4668060317160108
  },
  "Germany": {
    "attack": 1.3333686303640306,
    "defense": 0.5172371785252577
  },
  "Japan": {
    "attack": 3.8048205215790616,
    "defense": 0.3
  },
  "Netherlands": {
    "attack": 4.0389024924084955,
    "defense": 0.3
  },
  "Ivory Coast": {
    "attack": 1.01175,
    "defense": 0.3
  },
  "Switzerland": {
    "attack": 1.0,
    "defense": 1.2452114076540193
  },
  "Qatar": {
    "attack": 0.7547885923459818,
    "defense": 1.0
  }
}