{
  "Mexico": {
    "attack": 0.4455,
    "defense": 501.9786974980055
  },
  "South Africa": {
    "attack": 0.3,
    "defense": 0.3045
  },
  "South Korea": {
    "attack": 0.3,
    "defense": 379.0830150959024
  },
  "Czechia": {
    "attack": 0.3,
    "defense": 0.3
  },
  "USA": {
    "attack": 1.0,
    "defense": 1.0
  },
  "Paraguay": {
    "attack": 0.3,
    "defense": 276.121041545887
  },
  "Australia": {
    "attack": 0.3,
    "defense": 51.83752534433773
  },
  "Turkey": {
    "attack": 0.3,
    "defense": 0.3
  },
  "Brazil": {
    "attack": 0.39505,
    "defense": 30.699882410070703
  },
  "Morocco": {
    "attack": 0.3,
    "defense": 21.458930294713625
  },
  "Croatia": {
    "attack": 0.3,
    "defense": 0.3
  },
  "Belgium": {
    "attack": 0.37934310983108155,
    "defense": 0.3
  },
  "France": {
    "attack": 0.3,
    "defense": 10.20430693443733
  },
  "Senegal": {
    "attack": 0.39549999999999996,
    "defense": 0.3
  },
  "Argentina": {
    "attack": 7.546679538190734,
    "defense": 5.936342995110621
  },
  "Algeria": {
    "attack": 0.3,
    "defense": 0.3
  },
  "Spain": {
    "attack": 0.39505,
    "defense": 12.375921538613765
  },
  "Saudi Arabia": {
    "attack": 0.3,
    "defense": 0.3
  },
  "England": {
    "attack": 0.3,
    "defense": 0.3045
  },
  "Ghana": {
    "attack": 0.3,
    "defense": 233.3018110748061
  },
  "Portugal": {
    "attack": 0.3,
    "defense": 25.75971682580375
  },
  "Colombia": {
    "attack": 0.4454325,
    "defense": 11.655013709572296
  },
  "Germany": {
    "attack": 0.3,
    "defense": 0.3
  },
  "Japan": {
    "attack": 0.3,
    "defense": 0.3
  },
  "Netherlands": {
    "attack": 0.3,
    "defense": 0.3
  },
  "Ivory Coast": {
    "attack": 2.186846156241156,
    "defense": 0.3
  },
  "Switzerland": {
    "attack": 0.38291097341839275,
    "defense": 0.3
  },
  "Qatar": {
    "attack": 0.8978455509919173,
    "defense": 2.282147563744515
  }
}