{
  "Mexico": {
    "attack": 0.53803898875,
    "defense": 1706.2037289913394
  },
  "South Africa": {
    "attack": 0.3,
    "defense": 0.3045
  },
  "South Korea": {
    "attack": 0.3,
    "defense": 1271.3593547033317
  },
  "Czechia": {
    "attack": 0.3,
    "defense": 0.3
  },
  "USA": {
    "attack": 1.0,
    "defense": 1.0
  },
  "Paraguay": {
    "attack": 0.3,
    "defense": 1143.7236200899645
  },
  "Australia": {
    "attack": 0.3,
    "defense": 95.10153179241445
  },
  "Turkey": {
    "attack": 0.3,
    "defense": 0.3
  },
  "Brazil": {
    "attack": 0.39505,
    "defense": 54.619967873700375
  },
  "Morocco": {
    "attack": 0.3,
    "defense": 52.94967768136719
  },
  "Croatia": {
    "attack": 0.3,
    "defense": 0.3
  },
  "Belgium": {
    "attack": 0.3,
    "defense": 0.3
  },
  "France": {
    "attack": 0.3,
    "defense": 40.92461869544333
  },
  "Senegal": {
    "attack": 0.39549999999999996,
    "defense": 0.3
  },
  "Argentina": {
    "attack": 8.17612016407216,
    "defense": 9.328352295112952
  },
  "Algeria": {
    "attack": 0.3,
    "defense": 0.3
  },
  "Spain": {
    "attack": 0.3,
    "defense": 38.13788839336791
  },
  "Saudi Arabia": {
    "attack": 0.3,
    "defense": 0.3
  },
  "England": {
    "attack": 0.3,
    "defense": 0.32298660148333236
  },
  "Ghana": {
    "attack": 0.3,
    "defense": 743.2642937378027
  },
  "Portugal": {
    "attack": 0.3,
    "defense": 82.00637886104073
  },
  "Colombia": {
    "attack": 0.4454325,
    "defense": 25.232873992989504
  },
  "Germany": {
    "attack": 0.3,
    "defense": 0.3
  },
  "Japan": {
    "attack": 0.3,
    "defense": 0.3
  },
  "Netherlands": {
    "attack": 0.3,
    "defense": 0.3
  },
  "Ivory Coast": {
    "attack": 2.459916916570109,
    "defense": 0.3
  },
  "Switzerland": {
    "attack": 0.3,
    "defense": 0.3
  },
  "Qatar": {
    "attack": 1.4497140971828881,
    "defense": 1.971811073159354
  }
}