{
  "Mexico": {
    "attack": 0.4455,
    "defense": 86.07522101921113
  },
  "South Africa": {
    "attack": 0.3,
    "defense": 0.3045
  },
  "South Korea": {
    "attack": 0.3,
    "defense": 63.962770617810946
  },
  "Czechia": {
    "attack": 0.3,
    "defense": 0.3
  },
  "USA": {
    "attack": 1.0,
    "defense": 1.0
  },
  "Paraguay": {
    "attack": 0.5061452847912106,
    "defense": 35.0559972704212
  },
  "Australia": {
    "attack": 0.3,
    "defense": 17.499555117247112
  },
  "Turkey": {
    "attack": 0.3,
    "defense": 0.3
  },
  "Brazil": {
    "attack": 0.39505,
    "defense": 11.574164362886457
  },
  "Morocco": {
    "attack": 0.4955,
    "defense": 8.933246679918419
  },
  "Croatia": {
    "attack": 0.32078939893579483,
    "defense": 0.3
  },
  "Belgium": {
    "attack": 2.6811984967803615,
    "defense": 0.3
  },
  "France": {
    "attack": 0.3,
    "defense": 1.3510692459575417
  },
  "Senegal": {
    "attack": 1.5752307727507295,
    "defense": 0.3
  },
  "Argentina": {
    "attack": 6.670972287040543,
    "defense": 3.9713288001434486
  },
  "Algeria": {
    "attack": 0.3,
    "defense": 0.3
  },
  "Spain": {
    "attack": 7.637952200959551,
    "defense": 2.992823067473812
  },
  "Saudi Arabia": {
    "attack": 0.3,
    "defense": 0.3
  },
  "England": {
    "attack": 0.3,
    "defense": 0.312259983398874
  },
  "Ghana": {
    "attack": 0.7218692607775805,
    "defense": 42.113840576738355
  },
  "Portugal": {
    "attack": 0.6631256654840155,
    "defense": 1.9265840053445495
  },
  "Colombia": {
    "attack": 0.3,
    "defense": 2.994850518876227
  },
  "Germany": {
    "attack": 0.3,
    "defense": 0.3
  },
  "Japan": {
    "attack": 0.3,
    "defense": 0.3
  },
  "Netherlands": {
    "attack": 0.4292973459483796,
    "defense": 0.3
  },
  "Ivory Coast": {
    "attack": 1.6091200829143888,
    "defense": 0.3
  },
  "Switzerland": {
    "attack": 1.5587303933715158,
    "defense": 1.4807173224027101
  },
  "Qatar": {
    "attack": 0.7023403598745347,
    "defense": 1.1531413849971015
  }
}