{
  "Mexico": {
    "attack": 0.53803898875,
    "defense": 10728.707991835126
  },
  "South Africa": {
    "attack": 0.3,
    "defense": 0.3045
  },
  "South Korea": {
    "attack": 0.3,
    "defense": 7902.630295368411
  },
  "Czechia": {
    "attack": 0.3,
    "defense": 0.3
  },
  "USA": {
    "attack": 1.0,
    "defense": 1.0
  },
  "Paraguay": {
    "attack": 0.3,
    "defense": 11418.232395788866
  },
  "Australia": {
    "attack": 0.3,
    "defense": 236.3210400403088
  },
  "Turkey": {
    "attack": 0.3,
    "defense": 0.3
  },
  "Brazil": {
    "attack": 0.39505,
    "defense": 134.1089283152607
  },
  "Morocco": {
    "attack": 0.3,
    "defense": 243.20221683232057
  },
  "Croatia": {
    "attack": 0.3,
    "defense": 0.3
  },
  "Belgium": {
    "attack": 0.3,
    "defense": 0.3
  },
  "France": {
    "attack": 0.49505,
    "defense": 623.7182242077903
  },
  "Senegal": {
    "attack": 0.39549999999999996,
    "defense": 0.3
  },
  "Argentina": {
    "attack": 0.3,
    "defense": 33.25570305166926
  },
  "Algeria": {
    "attack": 0.3,
    "defense": 0.3
  },
  "Spain": {
    "attack": 0.3,
    "defense": 617.3237601841114
  },
  "Saudi Arabia": {
    "attack": 0.3,
    "defense": 0.3
  },
  "England": {
    "attack": 0.3,
    "defense": 0.3
  },
  "Ghana": {
    "attack": 0.3,
    "defense": 4257.955680697116
  },
  "Portugal": {
    "attack": 0.3,
    "defense": 448.94982180746064
  },
  "Colombia": {
    "attack": 0.4454325,
    "defense": 98.835086634318
  },
  "Germany": {
    "attack": 0.3,
    "defense": 0.3
  },
  "Japan": {
    "attack": 0.3,
    "defense": 0.3
  },
  "Netherlands": {
    "attack": 0.3,
    "defense": 0.3
  },
  "Ivory Coast": {
    "attack": 2.752569485336269,
    "defense": 0.3
  },
  "Switzerland": {
    "attack": 0.3,
    "defense": 0.3
  },
  "Qatar": {
    "attack": 2.02168489725021,
    "defense": 1.2981296172423775
  }
}