{
  "Mexico": {
    "attack": 0.5136251166007155,
    "defense": 10.969205211214236
  },
  "South Africa": {
    "attack": 0.3,
    "defense": 0.3045
  },
  "South Korea": {
    "attack": 0.3,
    "defense": 7.659073378611075
  },
  "Czechia": {
    "attack": 0.3,
    "defense": 0.3
  },
  "USA": {
    "attack": 1.0,
    "defense": 1.0
  },
  "Paraguay": {
    "attack": 1.660033159230219,
    "defense": 1.4333835809559157
  },
  "Australia": {
    "attack": 3.605374442724965,
    "defense": 2.6966137634931635
  },
  "Turkey": {
    "attack": 0.3,
    "defense": 0.3
  },
  "Brazil": {
    "attack": 0.7968579346652064,
    "defense": 1.0
  },
  "Morocco": {
    "attack": 1.0,
    "defense": 1.2031420653347942
  },
  "Croatia": {
    "attack": 2.9608815055253563,
    "defense": 0.3
  },
  "Belgium": {
    "attack": 1.0,
    "defense": 1.0
  },
  "France": {
    "attack": 4.537064735330108,
    "defense": 1.0
  },
  "Senegal": {
    "attack": 1.0,
    "defense": 0.3
  },
  "Argentina": {
    "attack": 4.460665719705244,
    "defense": 2.2220825945770297
  },
  "Algeria": {
    "attack": 0.3,
    "defense": 0.3
  },
  "Spain": {
    "attack": 3.5430606199215235,
    "defense": 1.6722660951671615
  },
  "Saudi Arabia": {
    "attack": 0.3277339048328384,
    "defense": 0.3
  },
  "England": {
    "attack": 2.493459091754264,
    "defense": 0.3136996238224521
  },
  "Ghana": {
    "attack": 0.8996086310076885,
    "defense": 4.142012112291506
  },
  "Portugal": {
    "attack": 1.0,
    "defense": 1.0
  },
  "Colombia": {
    "attack": 1.0,
    "defense": 1.0
  },
  "Germany": {
    "attack": 2.082870528463314,
    "defense": 1.0
  },
  "Japan": {
    "attack": 3.6314004482416937,
    "defense": 0.3
  },
  "Netherlands": {
    "attack": 3.47971677051588,
    "defense": 0.3
  },
  "Ivory Coast": {
    "attack": 1.0,
    "defense": 0.3
  },
  "Switzerland": {
    "attack": 1.0,
    "defense": 1.2031420653347942
  },
  "Qatar": {
    "attack": 0.7968579346652064,
    "defense": 1.0
  }
}