{
  "Mexico": {
    "attack": 1.8091426302728597,
    "defense": 1.642934322307192
  },
  "South Africa": {
    "attack": 0.35706567769280795,
    "defense": 0.3
  },
  "South Korea": {
    "attack": 1.8091426302728597,
    "defense": 1.0
  },
  "Czechia": {
    "attack": 1.0,
    "defense": 0.3
  },
  "USA": {
    "attack": 1.0,
    "defense": 1.0
  },
  "Paraguay": {
    "attack": 1.0,
    "defense": 1.0
  },
  "Australia": {
    "attack": 1.3254478463084662,
    "defense": 1.3389620215717952
  },
  "Turkey": {
    "attack": 0.6610379784282047,
    "defense": 0.674552153691534
  },
  "Brazil": {
    "attack": 0.9601916036909843,
    "defense": 1.0
  },
  "Morocco": {
    "attack": 1.0,
    "defense": 1.0398083963090154
  },
  "Croatia": {
    "attack": 1.0,
    "defense": 1.0
  },
  "Belgium": {
    "attack": 1.0,
    "defense": 1.0
  },
  "France": {
    "attack": 1.0,
    "defense": 1.0
  },
  "Senegal": {
    "attack": 1.0,
    "defense": 1.0
  },
  "Argentina": {
    "attack": 1.0,
    "defense": 1.0
  },
  "Algeria": {
    "attack": 1.0,
    "defense": 1.0
  },
  "Spain": {
    "attack": 1.0,
    "defense": 1.0
  },
  "Saudi Arabia": {
    "attack": 1.0,
    "defense": 1.0
  },
  "England": {
    "attack": 1.0,
    "defense": 1.0
  },
  "Ghana": {
    "attack": 1.0,
    "defense": 1.0
  },
  "Portugal": {
    "attack": 1.0,
    "defense": 1.0
  },
  "Colombia": {
    "attack": 1.0,
    "defense": 1.0
  },
  "Germany": {
    "attack": 1.0,
    "defense": 1.0
  },
  "Japan": {
    "attack": 1.2017606641524707,
    "defense": 0.8184313436038939
  },
  "Netherlands": {
    "attack": 1.181568656396106,
    "defense": 0.7982393358475292
  },
  "Ivory Coast": {
    "attack": 1.0,
    "defense": 1.0
  },
  "Switzerland": {
    "attack": 1.0,
    "defense": 1.0398083963090154
  },
  "Qatar": {
    "attack": 0.9601916036909843,
    "defense": 1.0
  }
}