{
  "Mexico": {
    "attack": 0.544882406991118,
    "defense": 12.201864706527976
  },
  "South Africa": {
    "attack": 0.3,
    "defense": 0.3045
  },
  "South Korea": {
    "attack": 0.3,
    "defense": 8.442594200799954
  },
  "Czechia": {
    "attack": 0.3,
    "defense": 0.3
  },
  "USA": {
    "attack": 1.0,
    "defense": 1.0
  },
  "Paraguay": {
    "attack": 1.7098556719141393,
    "defense": 1.4810754778073763
  },
  "Australia": {
    "attack": 3.685728649307073,
    "defense": 2.7781189144947445
  },
  "Turkey": {
    "attack": 0.3,
    "defense": 0.3
  },
  "Brazil": {
    "attack": 0.7914586925035993,
    "defense": 1.0
  },
  "Morocco": {
    "attack": 1.0,
    "defense": 1.2085413074964013
  },
  "Croatia": {
    "attack": 3.0671896705078248,
    "defense": 0.3
  },
  "Belgium": {
    "attack": 1.0,
    "defense": 1.0
  },
  "France": {
    "attack": 4.686101814938408,
    "defense": 1.0
  },
  "Senegal": {
    "attack": 1.0,
    "defense": 0.3
  },
  "Argentina": {
    "attack": 4.612203167197161,
    "defense": 2.2892450409981207
  },
  "Algeria": {
    "attack": 0.3,
    "defense": 0.3
  },
  "Spain": {
    "attack": 3.823804217717887,
    "defense": 1.7251921738516667
  },
  "Saudi Arabia": {
    "attack": 0.3,
    "defense": 0.3
  },
  "England": {
    "attack": 1.6362703454377496,
    "defense": 0.31329171752313856
  },
  "Ghana": {
    "attack": 0.8728227840194346,
    "defense": 5.324265283575005
  },
  "Portugal": {
    "attack": 1.0,
    "defense": 1.0
  },
  "Colombia": {
    "attack": 1.0,
    "defense": 1.0
  },
  "Germany": {
    "attack": 2.213052862525399,
    "defense": 1.0
  },
  "Japan": {
    "attack": 3.721775499895297,
    "defense": 0.3
  },
  "Netherlands": {
    "attack": 3.564183469979629,
    "defense": 0.3
  },
  "Ivory Coast": {
    "attack": 1.0,
    "defense": 0.3
  },
  "Switzerland": {
    "attack": 1.0,
    "defense": 1.2085413074964013
  },
  "Qatar": {
    "attack": 0.7914586925035993,
    "defense": 1.0
  }
}