{
  "Mexico": {
    "attack": 0.53803898875,
    "defense": 296.21261474142904
  },
  "South Africa": {
    "attack": 0.3,
    "defense": 0.3045
  },
  "South Korea": {
    "attack": 0.3,
    "defense": 221.43112355754513
  },
  "Czechia": {
    "attack": 0.3,
    "defense": 0.3
  },
  "USA": {
    "attack": 1.0,
    "defense": 1.0
  },
  "Paraguay": {
    "attack": 0.38427804774186053,
    "defense": 147.710802007904
  },
  "Australia": {
    "attack": 0.3,
    "defense": 38.98051712667995
  },
  "Turkey": {
    "attack": 0.3,
    "defense": 0.3
  },
  "Brazil": {
    "attack": 0.39505,
    "defense": 23.794702955691733
  },
  "Morocco": {
    "attack": 0.35837435817362107,
    "defense": 15.228768014637227
  },
  "Croatia": {
    "attack": 0.3,
    "defense": 0.3
  },
  "Belgium": {
    "attack": 4.418387230396531,
    "defense": 0.3
  },
  "France": {
    "attack": 0.3,
    "defense": 5.671964867916347
  },
  "Senegal": {
    "attack": 0.70945211470984,
    "defense": 0.3
  },
  "Argentina": {
    "attack": 7.32683449641928,
    "defense": 5.269757711457765
  },
  "Algeria": {
    "attack": 0.3,
    "defense": 0.3
  },
  "Spain": {
    "attack": 0.3,
    "defense": 5.298864638595653
  },
  "Saudi Arabia": {
    "attack": 0.3,
    "defense": 0.3
  },
  "England": {
    "attack": 0.3,
    "defense": 0.3
  },
  "Ghana": {
    "attack": 0.3,
    "defense": 139.89884087037444
  },
  "Portugal": {
    "attack": 0.3,
    "defense": 15.849474151604412
  },
  "Colombia": {
    "attack": 0.4355808072518794,
    "defense": 8.249890081264981
  },
  "Germany": {
    "attack": 0.3,
    "defense": 0.3
  },
  "Japan": {
    "attack": 0.3,
    "defense": 0.3
  },
  "Netherlands": {
    "attack": 0.3,
    "defense": 0.3
  },
  "Ivory Coast": {
    "attack": 2.0394969554201636,
    "defense": 0.3
  },
  "Switzerland": {
    "attack": 0.5784448346331428,
    "defense": 0.8256987092894925
  },
  "Qatar": {
    "attack": 0.6385285449179328,
    "defense": 2.2409842619085123
  }
}