{
  "Mexico": {
    "attack": 2.312216761489979,
    "defense": 3.81551260411048
  },
  "South Africa": {
    "attack": 0.3455,
    "defense": 0.3
  },
  "South Korea": {
    "attack": 1.4765572691862807,
    "defense": 1.769115786112089
  },
  "Czechia": {
    "attack": 1.1258482980131401,
    "defense": 0.3
  },
  "USA": {
    "attack": 1.0,
    "defense": 1.0
  },
  "Paraguay": {
    "attack": 1.0,
    "defense": 1.0
  },
  "Australia": {
    "attack": 2.5201724534854453,
    "defense": 1.9434161942961448
  },
  "Turkey": {
    "attack": 0.3,
    "defense": 0.3
  },
  "Brazil": {
    "attack": 0.8729542576738196,
    "defense": 1.0
  },
  "Morocco": {
    "attack": 1.0,
    "defense": 1.1270457423261802
  },
  "Croatia": {
    "attack": 1.5383969905171528,
    "defense": 0.3
  },
  "Belgium": {
    "attack": 1.0,
    "defense": 1.0
  },
  "France": {
    "attack": 2.524284793360171,
    "defense": 1.0
  },
  "Senegal": {
    "attack": 1.0,
    "defense": 0.3
  },
  "Argentina": {
    "attack": 2.414117736004241,
    "defense": 1.57836475340243
  },
  "Algeria": {
    "attack": 0.4216352465975698,
    "defense": 0.3
  },
  "Spain": {
    "attack": 1.0,
    "defense": 1.0
  },
  "Saudi Arabia": {
    "attack": 1.0,
    "defense": 1.0
  },
  "England": {
    "attack": 2.588043880597378,
    "defense": 0.4616030094828469
  },
  "Ghana": {
    "attack": 1.0,
    "defense": 1.0
  },
  "Portugal": {
    "attack": 1.0,
    "defense": 1.0
  },
  "Colombia": {
    "attack": 1.0,
    "defense": 1.0
  },
  "Germany": {
    "attack": 1.0,
    "defense": 1.0
  },
  "Japan": {
    "attack": 2.4341398597010855,
    "defense": 0.3
  },
  "Netherlands": {
    "attack": 2.3389746217038834,
    "defense": 0.3
  },
  "Ivory Coast": {
    "attack": 1.0,
    "defense": 1.0
  },
  "Switzerland": {
    "attack": 1.0,
    "defense": 1.1270457423261802
  },
  "Qatar": {
    "attack": 0.8729542576738196,
    "defense": 1.0
  }
}