{
  "Mexico": {
    "attack": 0.53803898875,
    "defense": 6659.768016395948
  },
  "South Africa": {
    "attack": 0.3,
    "defense": 0.3045
  },
  "South Korea": {
    "attack": 0.3,
    "defense": 4919.925558856676
  },
  "Czechia": {
    "attack": 0.3,
    "defense": 0.3
  },
  "USA": {
    "attack": 1.0,
    "defense": 1.0
  },
  "Paraguay": {
    "attack": 0.3,
    "defense": 6135.208981689101
  },
  "Australia": {
    "attack": 0.3,
    "defense": 186.64370506926514
  },
  "Turkey": {
    "attack": 0.3,
    "defense": 0.3
  },
  "Brazil": {
    "attack": 0.39505,
    "defense": 105.97469269445538
  },
  "Morocco": {
    "attack": 0.3,
    "defense": 162.2101643437306
  },
  "Croatia": {
    "attack": 0.3,
    "defense": 0.3
  },
  "Belgium": {
    "attack": 0.3,
    "defense": 0.3
  },
  "France": {
    "attack": 0.49505,
    "defense": 294.8492367500672
  },
  "Senegal": {
    "attack": 0.39549999999999996,
    "defense": 0.3
  },
  "Argentina": {
    "attack": 0.3,
    "defense": 22.308095578745828
  },
  "Algeria": {
    "attack": 0.3,
    "defense": 0.3
  },
  "Spain": {
    "attack": 0.3,
    "defense": 289.82170774402323
  },
  "Saudi Arabia": {
    "attack": 0.3,
    "defense": 0.3
  },
  "England": {
    "attack": 0.3,
    "defense": 0.3
  },
  "Ghana": {
    "attack": 0.3,
    "defense": 2707.0411845516087
  },
  "Portugal": {
    "attack": 0.3,
    "defense": 288.30878145244463
  },
  "Colombia": {
    "attack": 0.4454325,
    "defense": 68.36694666554061
  },
  "Germany": {
    "attack": 0.3,
    "defense": 0.3
  },
  "Japan": {
    "attack": 0.3,
    "defense": 0.3
  },
  "Netherlands": {
    "attack": 0.3,
    "defense": 0.3
  },
  "Ivory Coast": {
    "attack": 2.687759438220158,
    "defense": 0.3
  },
  "Switzerland": {
    "attack": 0.3,
    "defense": 0.3
  },
  "Qatar": {
    "attack": 1.89710392775847,
    "defense": 1.4995602606886613
  }
}