{
  "Mexico": {
    "attack": 2.6462181013326163,
    "defense": 2.3578684438828166
  },
  "South Africa": {
    "attack": 0.36517012670099114,
    "defense": 0.3
  },
  "South Korea": {
    "attack": 2.4632752688907815,
    "defense": 1.1069071971552455
  },
  "Czechia": {
    "attack": 1.093956449318204,
    "defense": 0.3
  },
  "USA": {
    "attack": 1.0,
    "defense": 1.0
  },
  "Paraguay": {
    "attack": 1.0,
    "defense": 1.0
  },
  "Australia": {
    "attack": 2.27653749029373,
    "defense": 1.8310560911496674
  },
  "Turkey": {
    "attack": 0.3,
    "defense": 0.3
  },
  "Brazil": {
    "attack": 0.8899641921594428,
    "defense": 1.0
  },
  "Morocco": {
    "attack": 1.0,
    "defense": 1.110035807840557
  },
  "Croatia": {
    "attack": 1.3070166537363552,
    "defense": 0.3
  },
  "Belgium": {
    "attack": 1.0,
    "defense": 1.0
  },
  "France": {
    "attack": 2.072402496850084,
    "defense": 1.0
  },
  "Senegal": {
    "attack": 1.0,
    "defense": 0.3
  },
  "Argentina": {
    "attack": 1.9546542926792922,
    "defense": 1.4258744855898309
  },
  "Algeria": {
    "attack": 0.574125514410169,
    "defense": 0.3
  },
  "Spain": {
    "attack": 1.0,
    "defense": 1.0
  },
  "Saudi Arabia": {
    "attack": 1.0,
    "defense": 1.0
  },
  "England": {
    "attack": 1.9320188421017257,
    "defense": 0.6929833462636446
  },
  "Ghana": {
    "attack": 1.0,
    "defense": 1.0
  },
  "Portugal": {
    "attack": 1.0,
    "defense": 1.0
  },
  "Colombia": {
    "attack": 1.0,
    "defense": 1.0
  },
  "Germany": {
    "attack": 1.0,
    "defense": 1.0
  },
  "Japan": {
    "attack": 2.170371686773029,
    "defense": 0.3
  },
  "Netherlands": {
    "attack": 2.082870528463314,
    "defense": 0.3
  },
  "Ivory Coast": {
    "attack": 1.0,
    "defense": 1.0
  },
  "Switzerland": {
    "attack": 1.0,
    "defense": 1.110035807840557
  },
  "Qatar": {
    "attack": 0.8899641921594428,
    "defense": 1.0
  }
}