{
  "Mexico": {
    "attack": 0.5379711655030042,
    "defense": 107.95512335339747
  },
  "South Africa": {
    "attack": 0.3,
    "defense": 0.3045
  },
  "South Korea": {
    "attack": 0.3,
    "defense": 81.57730729318646
  },
  "Czechia": {
    "attack": 0.3,
    "defense": 0.3
  },
  "USA": {
    "attack": 1.0,
    "defense": 1.0
  },
  "Paraguay": {
    "attack": 0.49236581009723096,
    "defense": 47.01531764301789
  },
  "Australia": {
    "attack": 0.3,
    "defense": 20.89776227912076
  },
  "Turkey": {
    "attack": 0.3,
    "defense": 0.3
  },
  "Brazil": {
    "attack": 0.39505,
    "defense": 13.372440925113692
  },
  "Morocco": {
    "attack": 0.4955,
    "defense": 9.978981635926159
  },
  "Croatia": {
    "attack": 0.32009734641159643,
    "defense": 0.3
  },
  "Belgium": {
    "attack": 3.093883831534009,
    "defense": 0.3
  },
  "France": {
    "attack": 0.3,
    "defense": 1.8241262706550074
  },
  "Senegal": {
    "attack": 1.60052773507992,
    "defense": 0.3
  },
  "Argentina": {
    "attack": 6.826778452595341,
    "defense": 4.2150236360195725
  },
  "Algeria": {
    "attack": 0.3,
    "defense": 0.3
  },
  "Spain": {
    "attack": 7.926604175772859,
    "defense": 3.1764733172864092
  },
  "Saudi Arabia": {
    "attack": 0.3,
    "defense": 0.3
  },
  "England": {
    "attack": 0.3,
    "defense": 0.3
  },
  "Ghana": {
    "attack": 0.4225221743446274,
    "defense": 54.128496048687296
  },
  "Portugal": {
    "attack": 0.6003854434606606,
    "defense": 1.9734128928153087
  },
  "Colombia": {
    "attack": 0.3,
    "defense": 3.8500821846720843
  },
  "Germany": {
    "attack": 0.3,
    "defense": 0.3
  },
  "Japan": {
    "attack": 0.3,
    "defense": 0.3
  },
  "Netherlands": {
    "attack": 0.36686172859443633,
    "defense": 0.3
  },
  "Ivory Coast": {
    "attack": 1.7102683796420446,
    "defense": 0.3
  },
  "Switzerland": {
    "attack": 1.6643993653421532,
    "defense": 1.6046727377080732
  },
  "Qatar": {
    "attack": 0.6704226067736803,
    "defense": 1.3446622157291046
  }
}