{
  "Mexico": {
    "attack": 2.5201724534854453,
    "defense": 1.9434161942961448
  },
  "South Africa": {
    "attack": 0.3,
    "defense": 0.3
  },
  "South Korea": {
    "attack": 2.5201724534854453,
    "defense": 1.0
  },
  "Czechia": {
    "attack": 1.0,
    "defense": 0.3
  },
  "USA": {
    "attack": 1.0,
    "defense": 1.0
  },
  "Paraguay": {
    "attack": 1.0,
    "defense": 1.0
  },
  "Australia": {
    "attack": 2.0161367854227903,
    "defense": 1.7251921738516667
  },
  "Turkey": {
    "attack": 0.3,
    "defense": 0.3
  },
  "Brazil": {
    "attack": 0.9078047726047122,
    "defense": 1.0
  },
  "Morocco": {
    "attack": 1.0,
    "defense": 1.0921952273952877
  },
  "Croatia": {
    "attack": 1.100125,
    "defense": 0.708843625
  },
  "Belgium": {
    "attack": 1.0,
    "defense": 1.0
  },
  "France": {
    "attack": 1.5984974654574873,
    "defense": 1.0
  },
  "Senegal": {
    "attack": 1.0,
    "defense": 0.4015025345425126
  },
  "Argentina": {
    "attack": 1.490277029354301,
    "defense": 1.2462952230286242
  },
  "Algeria": {
    "attack": 0.7537047769713758,
    "defense": 0.5097229706456989
  },
  "Spain": {
    "attack": 1.0,
    "defense": 1.0
  },
  "Saudi Arabia": {
    "attack": 1.0,
    "defense": 1.0
  },
  "England": {
    "attack": 1.291156375,
    "defense": 0.899875
  },
  "Ghana": {
    "attack": 1.0,
    "defense": 1.0
  },
  "Portugal": {
    "attack": 1.0,
    "defense": 1.0
  },
  "Colombia": {
    "attack": 1.0,
    "defense": 1.0
  },
  "Germany": {
    "attack": 1.0,
    "defense": 1.0
  },
  "Japan": {
    "attack": 1.8901656618896563,
    "defense": 0.3
  },
  "Netherlands": {
    "attack": 1.8091426302728597,
    "defense": 0.3
  },
  "Ivory Coast": {
    "attack": 1.0,
    "defense": 1.0
  },
  "Switzerland": {
    "attack": 1.0,
    "defense": 1.0921952273952877
  },
  "Qatar": {
    "attack": 0.9078047726047122,
    "defense": 1.0
  }
}