{
  "Mexico": {
    "attack": 0.4455,
    "defense": 17.422580804425706
  },
  "South Africa": {
    "attack": 0.3,
    "defense": 0.3045
  },
  "South Korea": {
    "attack": 0.3,
    "defense": 11.704612187176814
  },
  "Czechia": {
    "attack": 0.3,
    "defense": 0.3
  },
  "USA": {
    "attack": 1.0,
    "defense": 1.0
  },
  "Paraguay": {
    "attack": 0.4488496267911398,
    "defense": 4.256922332224092
  },
  "Australia": {
    "attack": 1.5801442389371112,
    "defense": 4.659612778650206
  },
  "Turkey": {
    "attack": 0.3,
    "defense": 0.3
  },
  "Brazil": {
    "attack": 0.7744418797511972,
    "defense": 1.0
  },
  "Morocco": {
    "attack": 1.0,
    "defense": 1.2255581202488037
  },
  "Croatia": {
    "attack": 3.414868346980841,
    "defense": 0.3
  },
  "Belgium": {
    "attack": 1.0,
    "defense": 1.0
  },
  "France": {
    "attack": 5.170354899530947,
    "defense": 1.0
  },
  "Senegal": {
    "attack": 1.0,
    "defense": 0.3
  },
  "Argentina": {
    "attack": 5.104580477408182,
    "defense": 2.540706963137392
  },
  "Algeria": {
    "attack": 0.3,
    "defense": 0.3
  },
  "Spain": {
    "attack": 4.735999716782971,
    "defense": 1.9146957579272361
  },
  "Saudi Arabia": {
    "attack": 0.3,
    "defense": 0.3
  },
  "England": {
    "attack": 0.34323607780475146,
    "defense": 0.3119573438047316
  },
  "Ghana": {
    "attack": 0.785198909844043,
    "defense": 7.91581051345147
  },
  "Portugal": {
    "attack": 1.0,
    "defense": 1.0
  },
  "Colombia": {
    "attack": 1.0,
    "defense": 1.0
  },
  "Germany": {
    "attack": 2.636042879470887,
    "defense": 1.0
  },
  "Japan": {
    "attack": 4.017417155660841,
    "defense": 0.3
  },
  "Netherlands": {
    "attack": 3.8386336931601526,
    "defense": 0.3
  },
  "Ivory Coast": {
    "attack": 1.0,
    "defense": 0.3
  },
  "Switzerland": {
    "attack": 1.0,
    "defense": 1.2255581202488037
  },
  "Qatar": {
    "attack": 0.7744418797511972,
    "defense": 1.0
  }
}