{
  "Mexico": {
    "attack": 0.53803898875,
    "defense": 2747.6814853903206
  },
  "South Africa": {
    "attack": 0.3,
    "defense": 0.3045
  },
  "South Korea": {
    "attack": 0.3,
    "defense": 2041.1345492753562
  },
  "Czechia": {
    "attack": 0.3,
    "defense": 0.3
  },
  "USA": {
    "attack": 1.0,
    "defense": 1.0
  },
  "Paraguay": {
    "attack": 0.3,
    "defense": 1992.007857214497
  },
  "Australia": {
    "attack": 0.3,
    "defense": 120.41388105893736
  },
  "Turkey": {
    "attack": 0.3,
    "defense": 0.3
  },
  "Brazil": {
    "attack": 0.39505,
    "defense": 68.73971947337928
  },
  "Morocco": {
    "attack": 0.3,
    "defense": 77.66049945735452
  },
  "Croatia": {
    "attack": 0.3,
    "defense": 0.3
  },
  "Belgium": {
    "attack": 0.3,
    "defense": 0.3
  },
  "France": {
    "attack": 0.3,
    "defense": 77.11926250590426
  },
  "Senegal": {
    "attack": 0.39549999999999996,
    "defense": 0.3
  },
  "Argentina": {
    "attack": 8.217773958781104,
    "defense": 12.070889776917243
  },
  "Algeria": {
    "attack": 0.3,
    "defense": 0.3
  },
  "Spain": {
    "attack": 0.3,
    "defense": 63.91099787671184
  },
  "Saudi Arabia": {
    "attack": 0.3,
    "defense": 0.3
  },
  "England": {
    "attack": 0.3,
    "defense": 0.32362092323016906
  },
  "Ghana": {
    "attack": 0.3,
    "defense": 1167.997495538786
  },
  "Portugal": {
    "attack": 0.3,
    "defense": 127.08046788723945
  },
  "Colombia": {
    "attack": 0.4454325,
    "defense": 35.33033101429121
  },
  "Germany": {
    "attack": 0.3,
    "defense": 0.3
  },
  "Japan": {
    "attack": 0.3,
    "defense": 0.3
  },
  "Netherlands": {
    "attack": 0.3,
    "defense": 0.3
  },
  "Ivory Coast": {
    "attack": 2.5476003863493286,
    "defense": 0.3
  },
  "Switzerland": {
    "attack": 0.3,
    "defense": 0.3
  },
  "Qatar": {
    "attack": 1.6234799439911545,
    "defense": 1.8222547790767083
  }
}