{
  "Mexico": {
    "attack": 0.4455,
    "defense": 20.44038414052666
  },
  "South Africa": {
    "attack": 0.3,
    "defense": 0.3045
  },
  "South Korea": {
    "attack": 0.3,
    "defense": 13.643637665173289
  },
  "Czechia": {
    "attack": 0.3,
    "defense": 0.3
  },
  "USA": {
    "attack": 1.0,
    "defense": 1.0
  },
  "Paraguay": {
    "attack": 0.3,
    "defense": 5.466037985985683
  },
  "Australia": {
    "attack": 0.8378083929818159,
    "defense": 5.214043188660205
  },
  "Turkey": {
    "attack": 0.3,
    "defense": 0.3
  },
  "Brazil": {
    "attack": 0.7680003300309133,
    "defense": 1.0
  },
  "Morocco": {
    "attack": 1.0,
    "defense": 1.2319996699690876
  },
  "Croatia": {
    "attack": 0.5363062263128378,
    "defense": 0.3
  },
  "Belgium": {
    "attack": 1.0,
    "defense": 1.0
  },
  "France": {
    "attack": 5.361237830987855,
    "defense": 1.0
  },
  "Senegal": {
    "attack": 1.0,
    "defense": 0.3
  },
  "Argentina": {
    "attack": 5.298665816967824,
    "defense": 2.6567623285646933
  },
  "Algeria": {
    "attack": 0.3,
    "defense": 0.3
  },
  "Spain": {
    "attack": 5.095569033868169,
    "defense": 2.002155948768746
  },
  "Saudi Arabia": {
    "attack": 0.3,
    "defense": 0.3
  },
  "England": {
    "attack": 0.3,
    "defense": 0.3125647152502065
  },
  "Ghana": {
    "attack": 0.8627067235754418,
    "defense": 11.78725454291499
  },
  "Portugal": {
    "attack": 0.85062375078125,
    "defense": 1.1641701366150645
  },
  "Colombia": {
    "attack": 0.8358298633849353,
    "defense": 1.14937624921875
  },
  "Germany": {
    "attack": 2.802777128524766,
    "defense": 1.0
  },
  "Japan": {
    "attack": 4.134854081453273,
    "defense": 0.3
  },
  "Netherlands": {
    "attack": 3.9468165107952347,
    "defense": 0.3
  },
  "Ivory Coast": {
    "attack": 1.0,
    "defense": 0.3
  },
  "Switzerland": {
    "attack": 1.0,
    "defense": 1.2319996699690876
  },
  "Qatar": {
    "attack": 0.7680003300309133,
    "defense": 1.0
  }
}