{
  "Mexico": {
    "attack": 0.4455,
    "defense": 18.3754510991694
  },
  "South Africa": {
    "attack": 0.3,
    "defense": 0.3045
  },
  "South Korea": {
    "attack": 0.3,
    "defense": 12.31076710509362
  },
  "Czechia": {
    "attack": 0.3,
    "defense": 0.3
  },
  "USA": {
    "attack": 1.0,
    "defense": 1.0
  },
  "Paraguay": {
    "attack": 0.3641060199880315,
    "defense": 4.6850333582230945
  },
  "Australia": {
    "attack": 1.2962000514773442,
    "defense": 4.857517832731201
  },
  "Turkey": {
    "attack": 0.3,
    "defense": 0.3
  },
  "Brazil": {
    "attack": 0.7722400853597566,
    "defense": 1.0
  },
  "Morocco": {
    "attack": 1.0,
    "defense": 1.2277599146402443
  },
  "Croatia": {
    "attack": 2.0099677615644733,
    "defense": 0.3
  },
  "Belgium": {
    "attack": 1.0,
    "defense": 1.0
  },
  "France": {
    "attack": 5.235044043688687,
    "defense": 1.0
  },
  "Senegal": {
    "attack": 1.0,
    "defense": 0.3
  },
  "Argentina": {
    "attack": 5.170354899530947,
    "defense": 2.578817567584453
  },
  "Algeria": {
    "attack": 0.3,
    "defense": 0.3
  },
  "Spain": {
    "attack": 4.857855721456052,
    "defense": 1.9434161942961448
  },
  "Saudi Arabia": {
    "attack": 0.3,
    "defense": 0.3
  },
  "England": {
    "attack": 0.3035298904585625,
    "defense": 0.31177798364766063
  },
  "Ghana": {
    "attack": 0.8118196123034365,
    "defense": 9.601489227981899
  },
  "Portugal": {
    "attack": 0.95,
    "defense": 1.055
  },
  "Colombia": {
    "attack": 0.945,
    "defense": 1.05
  },
  "Germany": {
    "attack": 2.692548171959617,
    "defense": 1.0
  },
  "Japan": {
    "attack": 4.057155898325928,
    "defense": 0.3
  },
  "Netherlands": {
    "attack": 3.87529623722301,
    "defense": 0.3
  },
  "Ivory Coast": {
    "attack": 1.0,
    "defense": 0.3
  },
  "Switzerland": {
    "attack": 1.0,
    "defense": 1.2277599146402443
  },
  "Qatar": {
    "attack": 0.7722400853597566,
    "defense": 1.0
  }
}