{
  "Mexico": {
    "attack": 2.1485031647436696,
    "defense": 1.7773361073063334
  },
  "South Africa": {
    "attack": 0.3,
    "defense": 0.3
  },
  "South Korea": {
    "attack": 2.1485031647436696,
    "defense": 1.0
  },
  "Czechia": {
    "attack": 1.0,
    "defense": 0.3
  },
  "USA": {
    "attack": 1.0,
    "defense": 1.0
  },
  "Paraguay": {
    "attack": 1.0,
    "defense": 1.0
  },
  "Australia": {
    "attack": 1.6032410209517738,
    "defense": 1.5431133594638347
  },
  "Turkey": {
    "attack": 0.4568866405361652,
    "defense": 0.39675897904822643
  },
  "Brazil": {
    "attack": 0.9358808407499499,
    "defense": 1.0
  },
  "Morocco": {
    "attack": 1.0,
    "defense": 1.06411915925005
  },
  "Croatia": {
    "attack": 1.0,
    "defense": 1.0
  },
  "Belgium": {
    "attack": 1.0,
    "defense": 1.0
  },
  "France": {
    "attack": 1.0,
    "defense": 1.0
  },
  "Senegal": {
    "attack": 1.0,
    "defense": 1.0
  },
  "Argentina": {
    "attack": 1.0,
    "defense": 1.0
  },
  "Algeria": {
    "attack": 1.0,
    "defense": 1.0
  },
  "Spain": {
    "attack": 1.0,
    "defense": 1.0
  },
  "Saudi Arabia": {
    "attack": 1.0,
    "defense": 1.0
  },
  "England": {
    "attack": 1.0,
    "defense": 1.0
  },
  "Ghana": {
    "attack": 1.0,
    "defense": 1.0
  },
  "Portugal": {
    "attack": 1.0,
    "defense": 1.0
  },
  "Colombia": {
    "attack": 1.0,
    "defense": 1.0
  },
  "Germany": {
    "attack": 1.0,
    "defense": 1.0
  },
  "Japan": {
    "attack": 1.4770196053239806,
    "defense": 0.570939771724393
  },
  "Netherlands": {
    "attack": 1.429060228275607,
    "defense": 0.5229803946760192
  },
  "Ivory Coast": {
    "attack": 1.0,
    "defense": 1.0
  },
  "Switzerland": {
    "attack": 1.0,
    "defense": 1.06411915925005
  },
  "Qatar": {
    "attack": 0.9358808407499499,
    "defense": 1.0
  }
}