{
  "Mexico": {
    "attack": 0.53803898875,
    "defense": 1593.9603045261358
  },
  "South Africa": {
    "attack": 0.3,
    "defense": 0.3045
  },
  "South Korea": {
    "attack": 0.3,
    "defense": 1188.2518338529617
  },
  "Czechia": {
    "attack": 0.3,
    "defense": 0.3
  },
  "USA": {
    "attack": 1.0,
    "defense": 1.0
  },
  "Paraguay": {
    "attack": 0.3,
    "defense": 1056.6281274622042
  },
  "Australia": {
    "attack": 0.3,
    "defense": 91.9488327417021
  },
  "Turkey": {
    "attack": 0.3,
    "defense": 0.3
  },
  "Brazil": {
    "attack": 0.39505,
    "defense": 52.86683095355877
  },
  "Morocco": {
    "attack": 0.3,
    "defense": 50.18514020436874
  },
  "Croatia": {
    "attack": 0.3,
    "defense": 0.3
  },
  "Belgium": {
    "attack": 0.3,
    "defense": 0.3
  },
  "France": {
    "attack": 0.3,
    "defense": 37.42380765165521
  },
  "Senegal": {
    "attack": 0.39549999999999996,
    "defense": 0.3
  },
  "Argentina": {
    "attack": 8.168932547744951,
    "defense": 9.0039761156697
  },
  "Algeria": {
    "attack": 0.3,
    "defense": 0.3
  },
  "Spain": {
    "attack": 0.3,
    "defense": 35.43792065534461
  },
  "Saudi Arabia": {
    "attack": 0.3,
    "defense": 0.3
  },
  "England": {
    "attack": 0.3,
    "defense": 0.32287714539713125
  },
  "Ghana": {
    "attack": 0.3,
    "defense": 696.8191190950882
  },
  "Portugal": {
    "attack": 0.3,
    "defense": 77.05254142257299
  },
  "Colombia": {
    "attack": 0.4454325,
    "defense": 24.082049818188995
  },
  "Germany": {
    "attack": 0.3,
    "defense": 0.3
  },
  "Japan": {
    "attack": 0.3,
    "defense": 0.3
  },
  "Netherlands": {
    "attack": 0.3,
    "defense": 0.3
  },
  "Ivory Coast": {
    "attack": 2.4466161589544253,
    "defense": 0.3
  },
  "Switzerland": {
    "attack": 0.3,
    "defense": 0.3
  },
  "Qatar": {
    "attack": 1.4231968451274917,
    "defense": 1.9919320917826149
  }
}