{
  "Mexico": {
    "attack": 0.4455,
    "defense": 90.78281986139125
  },
  "South Africa": {
    "attack": 0.3,
    "defense": 0.3045
  },
  "South Korea": {
    "attack": 0.3,
    "defense": 67.96018338183032
  },
  "Czechia": {
    "attack": 0.3,
    "defense": 0.3
  },
  "USA": {
    "attack": 1.0,
    "defense": 1.0
  },
  "Paraguay": {
    "attack": 0.5032720351389032,
    "defense": 37.699576160584044
  },
  "Australia": {
    "attack": 0.3,
    "defense": 18.297936919894763
  },
  "Turkey": {
    "attack": 0.3,
    "defense": 0.3
  },
  "Brazil": {
    "attack": 0.39505,
    "defense": 11.994475114962388
  },
  "Morocco": {
    "attack": 0.4955,
    "defense": 9.1880634452806
  },
  "Croatia": {
    "attack": 0.320624410378509,
    "defense": 0.3
  },
  "Belgium": {
    "attack": 2.7869587215834857,
    "defense": 0.3
  },
  "France": {
    "attack": 0.3,
    "defense": 1.4497095034361107
  },
  "Senegal": {
    "attack": 1.5960362029312585,
    "defense": 0.3
  },
  "Argentina": {
    "attack": 6.710901244304374,
    "defense": 4.030898732145601
  },
  "Algeria": {
    "attack": 0.3,
    "defense": 0.3
  },
  "Spain": {
    "attack": 7.711925989643718,
    "defense": 3.0377154134859192
  },
  "Saudi Arabia": {
    "attack": 0.3,
    "defense": 0.3
  },
  "England": {
    "attack": 0.3,
    "defense": 0.3108280389116637
  },
  "Ghana": {
    "attack": 0.6342869212151443,
    "defense": 44.82825624233447
  },
  "Portugal": {
    "attack": 0.6545243986865498,
    "defense": 1.9377482310542258
  },
  "Colombia": {
    "attack": 0.3,
    "defense": 3.2102373133667577
  },
  "Germany": {
    "attack": 0.3,
    "defense": 0.3
  },
  "Japan": {
    "attack": 0.3,
    "defense": 0.3
  },
  "Netherlands": {
    "attack": 0.4114965249276484,
    "defense": 0.3
  },
  "Ivory Coast": {
    "attack": 1.6349832816706729,
    "defense": 0.3
  },
  "Switzerland": {
    "attack": 1.5937974007812463,
    "defense": 1.5102342699967317
  },
  "Qatar": {
    "attack": 0.695142145334652,
    "defense": 1.1930132112295768
  }
}