{
  "Mexico": {
    "attack": 0.53803898875,
    "defense": 339.1479156827435
  },
  "South Africa": {
    "attack": 0.3,
    "defense": 0.3045
  },
  "South Korea": {
    "attack": 0.3,
    "defense": 253.23172239257056
  },
  "Czechia": {
    "attack": 0.3,
    "defense": 0.3
  },
  "USA": {
    "attack": 1.0,
    "defense": 1.0
  },
  "Paraguay": {
    "attack": 0.3565984348428265,
    "defense": 172.61241883851602
  },
  "Australia": {
    "attack": 0.3,
    "defense": 42.04391669081585
  },
  "Turkey": {
    "attack": 0.3,
    "defense": 0.3
  },
  "Brazil": {
    "attack": 0.39505,
    "defense": 25.41962550338767
  },
  "Morocco": {
    "attack": 0.33483175351511596,
    "defense": 16.52084551981493
  },
  "Croatia": {
    "attack": 0.3,
    "defense": 0.3
  },
  "Belgium": {
    "attack": 4.571308357716921,
    "defense": 0.3
  },
  "France": {
    "attack": 0.3,
    "defense": 6.645763967368196
  },
  "Senegal": {
    "attack": 0.5926535048734499,
    "defense": 0.3
  },
  "Argentina": {
    "attack": 7.384568688729094,
    "defense": 5.429036138286575
  },
  "Algeria": {
    "attack": 0.3,
    "defense": 0.3
  },
  "Spain": {
    "attack": 0.3,
    "defense": 5.69882456658626
  },
  "Saudi Arabia": {
    "attack": 0.3,
    "defense": 0.3
  },
  "England": {
    "attack": 0.3,
    "defense": 0.3
  },
  "Ghana": {
    "attack": 0.3,
    "defense": 158.9271491185965
  },
  "Portugal": {
    "attack": 0.3,
    "defense": 17.77130768133233
  },
  "Colombia": {
    "attack": 0.440048189765577,
    "defense": 9.012628811954428
  },
  "Germany": {
    "attack": 0.3,
    "defense": 0.3
  },
  "Japan": {
    "attack": 0.3,
    "defense": 0.3
  },
  "Netherlands": {
    "attack": 0.3,
    "defense": 0.3
  },
  "Ivory Coast": {
    "attack": 2.078020933572528,
    "defense": 0.3
  },
  "Switzerland": {
    "attack": 0.5199697718091958,
    "defense": 0.5234058258626215
  },
  "Qatar": {
    "attack": 0.6848999288355165,
    "defense": 2.267581797383867
  }
}