{
  "Mexico": {
    "attack": 0.53803898875,
    "defense": 415.58507325218227
  },
  "South Africa": {
    "attack": 0.3,
    "defense": 0.3045
  },
  "South Korea": {
    "attack": 0.3,
    "defense": 309.786868763774
  },
  "Czechia": {
    "attack": 0.3,
    "defense": 0.3
  },
  "USA": {
    "attack": 1.0,
    "defense": 1.0
  },
  "Paraguay": {
    "attack": 0.30973547096578363,
    "defense": 218.2295602266922
  },
  "Australia": {
    "attack": 0.3,
    "defense": 46.826927167305826
  },
  "Turkey": {
    "attack": 0.3,
    "defense": 0.3
  },
  "Brazil": {
    "attack": 0.39505,
    "defense": 27.966682322305406
  },
  "Morocco": {
    "attack": 0.3,
    "defense": 18.77064009803852
  },
  "Croatia": {
    "attack": 0.3,
    "defense": 0.3
  },
  "Belgium": {
    "attack": 2.1344135386006124,
    "defense": 0.3
  },
  "France": {
    "attack": 0.3,
    "defense": 8.29445436587812
  },
  "Senegal": {
    "attack": 0.445533636698051,
    "defense": 0.3
  },
  "Argentina": {
    "attack": 7.467646550207902,
    "defense": 5.67702568689978
  },
  "Algeria": {
    "attack": 0.3,
    "defense": 0.3
  },
  "Spain": {
    "attack": 0.39505,
    "defense": 9.087790147379028
  },
  "Saudi Arabia": {
    "attack": 0.3,
    "defense": 0.3
  },
  "England": {
    "attack": 0.3,
    "defense": 0.3
  },
  "Ghana": {
    "attack": 0.3,
    "defense": 192.51406818370828
  },
  "Portugal": {
    "attack": 0.3,
    "defense": 21.266220015895847
  },
  "Colombia": {
    "attack": 0.4454325,
    "defense": 10.262203504838523
  },
  "Germany": {
    "attack": 0.3,
    "defense": 0.3
  },
  "Japan": {
    "attack": 0.3,
    "defense": 0.3
  },
  "Netherlands": {
    "attack": 0.3,
    "defense": 0.3
  },
  "Ivory Coast": {
    "attack": 2.1336668923712745,
    "defense": 0.3
  },
  "Switzerland": {
    "attack": 0.44671944279995884,
    "defense": 0.3
  },
  "Qatar": {
    "attack": 0.7887073169517655,
    "defense": 2.286413826036333
  }
}