{
  "Mexico": {
    "attack": 0.53803898875,
    "defense": 1954.9921918889297
  },
  "South Africa": {
    "attack": 0.3,
    "defense": 0.3045
  },
  "South Korea": {
    "attack": 0.3,
    "defense": 1455.452553049466
  },
  "Czechia": {
    "attack": 0.3,
    "defense": 0.3
  },
  "USA": {
    "attack": 1.0,
    "defense": 1.0
  },
  "Paraguay": {
    "attack": 0.3,
    "defense": 1340.1100052588727
  },
  "Australia": {
    "attack": 0.3,
    "defense": 101.73493117868838
  },
  "Turkey": {
    "attack": 0.3,
    "defense": 0.3
  },
  "Brazil": {
    "attack": 0.39505,
    "defense": 58.312854187405414
  },
  "Morocco": {
    "attack": 0.3,
    "defense": 58.99626525263609
  },
  "Croatia": {
    "attack": 0.3,
    "defense": 0.3
  },
  "Belgium": {
    "attack": 0.3,
    "defense": 0.3
  },
  "France": {
    "attack": 0.3,
    "defense": 48.985243645313375
  },
  "Senegal": {
    "attack": 0.39549999999999996,
    "defense": 0.3
  },
  "Argentina": {
    "attack": 8.18949287387507,
    "defense": 10.02378278083219
  },
  "Algeria": {
    "attack": 0.3,
    "defense": 0.3
  },
  "Spain": {
    "attack": 0.3,
    "defense": 44.1828296571172
  },
  "Saudi Arabia": {
    "attack": 0.3,
    "defense": 0.3
  },
  "England": {
    "attack": 0.3,
    "defense": 0.32319024681028025
  },
  "Ghana": {
    "attack": 0.3,
    "defense": 845.6795835933913
  },
  "Portugal": {
    "attack": 0.3,
    "defense": 92.91037332231002
  },
  "Colombia": {
    "attack": 0.4454325,
    "defense": 27.733148937048608
  },
  "Germany": {
    "attack": 0.3,
    "defense": 0.3
  },
  "Japan": {
    "attack": 0.3,
    "defense": 0.3
  },
  "Netherlands": {
    "attack": 0.3,
    "defense": 0.3
  },
  "Ivory Coast": {
    "attack": 2.485922890379234,
    "defense": 0.3
  },
  "Switzerland": {
    "attack": 0.3,
    "defense": 0.3
  },
  "Qatar": {
    "attack": 1.501443216638811,
    "defense": 1.9306590628455955
  }
}