{
  "Mexico": {
    "attack": 0.53803898875,
    "defense": 537.224249482693
  },
  "South Africa": {
    "attack": 0.3,
    "defense": 0.3045
  },
  "South Korea": {
    "attack": 0.3,
    "defense": 403.5299429910488
  },
  "Czechia": {
    "attack": 0.3,
    "defense": 0.3
  },
  "USA": {
    "attack": 1.0,
    "defense": 1.0
  },
  "Paraguay": {
    "attack": 0.3,
    "defense": 298.69312447666005
  },
  "Australia": {
    "attack": 0.3,
    "defense": 53.61490643848891
  },
  "Turkey": {
    "attack": 0.3,
    "defense": 0.3
  },
  "Brazil": {
    "attack": 0.39505,
    "defense": 31.6755884235008
  },
  "Morocco": {
    "attack": 0.3,
    "defense": 22.466791080206455
  },
  "Croatia": {
    "attack": 0.3,
    "defense": 0.3
  },
  "Belgium": {
    "attack": 0.3,
    "defense": 0.3
  },
  "France": {
    "attack": 0.3,
    "defense": 10.931076023787154
  },
  "Senegal": {
    "attack": 0.39549999999999996,
    "defense": 0.3
  },
  "Argentina": {
    "attack": 7.5972186969347115,
    "defense": 6.084821988504855
  },
  "Algeria": {
    "attack": 0.3,
    "defense": 0.3
  },
  "Spain": {
    "attack": 0.39505,
    "defense": 13.12017071582982
  },
  "Saudi Arabia": {
    "attack": 0.3,
    "defense": 0.3
  },
  "England": {
    "attack": 0.3,
    "defense": 0.3
  },
  "Ghana": {
    "attack": 0.3,
    "defense": 248.75492406242333
  },
  "Portugal": {
    "attack": 0.3,
    "defense": 27.47342921754245
  },
  "Colombia": {
    "attack": 0.4454325,
    "defense": 12.153752805163732
  },
  "Germany": {
    "attack": 0.3,
    "defense": 0.3
  },
  "Japan": {
    "attack": 0.3,
    "defense": 0.3
  },
  "Netherlands": {
    "attack": 0.3,
    "defense": 0.3
  },
  "Ivory Coast": {
    "attack": 2.2040434638975386,
    "defense": 0.3
  },
  "Switzerland": {
    "attack": 0.30380863790574897,
    "defense": 0.3
  },
  "Qatar": {
    "attack": 0.9330310994005506,
    "defense": 2.2758405310004064
  }
}