{
  "Mexico": {
    "attack": 0.4455,
    "defense": 28.13469329598973
  },
  "South Africa": {
    "attack": 0.3,
    "defense": 0.3045
  },
  "South Korea": {
    "attack": 0.3,
    "defense": 18.81281564115522
  },
  "Czechia": {
    "attack": 0.3,
    "defense": 0.3
  },
  "USA": {
    "attack": 1.0,
    "defense": 1.0
  },
  "Paraguay": {
    "attack": 0.535,
    "defense": 8.258415180526356
  },
  "Australia": {
    "attack": 0.3,
    "defense": 6.382963700720836
  },
  "Turkey": {
    "attack": 0.3,
    "defense": 0.3
  },
  "Brazil": {
    "attack": 0.9242136140869561,
    "defense": 1.370311825936955
  },
  "Morocco": {
    "attack": 0.9917021793581005,
    "defense": 1.2494464962612943
  },
  "Croatia": {
    "attack": 0.3,
    "defense": 0.3
  },
  "Belgium": {
    "attack": 1.0,
    "defense": 1.0
  },
  "France": {
    "attack": 5.7155752043431605,
    "defense": 1.0
  },
  "Senegal": {
    "attack": 1.0,
    "defense": 0.3
  },
  "Argentina": {
    "attack": 5.658947843765287,
    "defense": 2.9050188720656283
  },
  "Algeria": {
    "attack": 0.3,
    "defense": 0.3
  },
  "Spain": {
    "attack": 5.7630401711913795,
    "defense": 2.1892439355438715
  },
  "Saudi Arabia": {
    "attack": 0.3,
    "defense": 0.3
  },
  "England": {
    "attack": 0.3,
    "defense": 0.31465866672524
  },
  "Ghana": {
    "attack": 0.9981469948997349,
    "defense": 15.282511368593727
  },
  "Portugal": {
    "attack": 0.574125514410169,
    "defense": 1.4632509265175175
  },
  "Colombia": {
    "attack": 0.536749073482482,
    "defense": 1.4258744855898309
  },
  "Germany": {
    "attack": 2.0760287213571234,
    "defense": 0.765
  },
  "Japan": {
    "attack": 3.9948166738059494,
    "defense": 0.3
  },
  "Netherlands": {
    "attack": 4.147637061644985,
    "defense": 0.3
  },
  "Ivory Coast": {
    "attack": 1.0,
    "defense": 0.3
  },
  "Switzerland": {
    "attack": 1.0,
    "defense": 1.2434717240774065
  },
  "Qatar": {
    "attack": 0.7565282759225945,
    "defense": 1.0
  }
}