{
  "Mexico": {
    "attack": 0.4455,
    "defense": 59.29246320397879
  },
  "South Africa": {
    "attack": 0.3,
    "defense": 0.3045
  },
  "South Korea": {
    "attack": 0.3,
    "defense": 42.030723380899815
  },
  "Czechia": {
    "attack": 0.3,
    "defense": 0.3
  },
  "USA": {
    "attack": 1.0,
    "defense": 1.0
  },
  "Paraguay": {
    "attack": 0.5455,
    "defense": 18.34186501729687
  },
  "Australia": {
    "attack": 0.3,
    "defense": 12.646081184882089
  },
  "Turkey": {
    "attack": 0.3,
    "defense": 0.3
  },
  "Brazil": {
    "attack": 0.502190188619275,
    "defense": 8.888427463204517
  },
  "Morocco": {
    "attack": 0.6726789372291253,
    "defense": 7.009533590701381
  },
  "Croatia": {
    "attack": 0.32181058825961983,
    "defense": 0.3
  },
  "Belgium": {
    "attack": 1.889493555326351,
    "defense": 0.6326471538245817
  },
  "France": {
    "attack": 6.416931033764408,
    "defense": 1.0545643754217435
  },
  "Senegal": {
    "attack": 1.3127884707536748,
    "defense": 0.3
  },
  "Argentina": {
    "attack": 6.372070191931274,
    "defense": 3.578273643440942
  },
  "Algeria": {
    "attack": 0.3,
    "defense": 0.3
  },
  "Spain": {
    "attack": 7.0841956809790805,
    "defense": 2.6966137634931635
  },
  "Saudi Arabia": {
    "attack": 0.3,
    "defense": 0.3
  },
  "England": {
    "attack": 0.3,
    "defense": 0.31829202937403533
  },
  "Ghana": {
    "attack": 1.2331589466282284,
    "defense": 28.192812173127553
  },
  "Portugal": {
    "attack": 0.5049795932284217,
    "defense": 1.8574835277657236
  },
  "Colombia": {
    "attack": 0.3,
    "defense": 1.8813419136251908
  },
  "Germany": {
    "attack": 0.3,
    "defense": 0.3
  },
  "Japan": {
    "attack": 0.3393243237481599,
    "defense": 0.3
  },
  "Netherlands": {
    "attack": 0.7973495812430657,
    "defense": 0.3
  },
  "Ivory Coast": {
    "attack": 1.416707379569881,
    "defense": 0.3
  },
  "Switzerland": {
    "attack": 1.1615161374999998,
    "defense": 1.3028743185527307
  },
  "Qatar": {
    "attack": 0.7353205893672473,
    "defense": 1.004175
  }
}