{
  "Mexico": {
    "attack": 0.53803898875,
    "defense": 388.35160184222696
  },
  "South Africa": {
    "attack": 0.3,
    "defense": 0.3045
  },
  "South Korea": {
    "attack": 0.3,
    "defense": 289.64501352305973
  },
  "Czechia": {
    "attack": 0.3,
    "defense": 0.3
  },
  "USA": {
    "attack": 1.0,
    "defense": 1.0
  },
  "Paraguay": {
    "attack": 0.3260895706874263,
    "defense": 201.801378076698
  },
  "Australia": {
    "attack": 0.3,
    "defense": 45.211862634090295
  },
  "Turkey": {
    "attack": 0.3,
    "defense": 0.3
  },
  "Brazil": {
    "attack": 0.39505,
    "defense": 27.104785866203972
  },
  "Morocco": {
    "attack": 0.30888275885212735,
    "defense": 17.97578218079809
  },
  "Croatia": {
    "attack": 0.3,
    "defense": 0.3
  },
  "Belgium": {
    "attack": 3.3230245361030972,
    "defense": 0.3
  },
  "France": {
    "attack": 0.3,
    "defense": 7.7190992249166985
  },
  "Senegal": {
    "attack": 0.489859132910042,
    "defense": 0.3
  },
  "Argentina": {
    "attack": 7.44041337082654,
    "defense": 5.593128755566286
  },
  "Algeria": {
    "attack": 0.3,
    "defense": 0.3
  },
  "Spain": {
    "attack": 0.39505,
    "defense": 7.525173777111888
  },
  "Saudi Arabia": {
    "attack": 0.3,
    "defense": 0.3
  },
  "England": {
    "attack": 0.3,
    "defense": 0.3
  },
  "Ghana": {
    "attack": 0.3,
    "defense": 180.58622128451157
  },
  "Portugal": {
    "attack": 0.3,
    "defense": 19.961472737166897
  },
  "Colombia": {
    "attack": 0.44509587676933393,
    "defense": 9.83056232802626
  },
  "Germany": {
    "attack": 0.3,
    "defense": 0.3
  },
  "Japan": {
    "attack": 0.3,
    "defense": 0.3
  },
  "Netherlands": {
    "attack": 0.3,
    "defense": 0.3
  },
  "Ivory Coast": {
    "attack": 2.1153978602754058,
    "defense": 0.3
  },
  "Switzerland": {
    "attack": 0.4698532861542835,
    "defense": 0.3
  },
  "Qatar": {
    "attack": 0.75110047478573,
    "defense": 2.282785121490512
  }
}