{
  "Mexico": {
    "attack": 0.4455,
    "defense": 22.737363102404565
  },
  "South Africa": {
    "attack": 0.3,
    "defense": 0.3045
  },
  "South Korea": {
    "attack": 0.3,
    "defense": 15.155112774372062
  },
  "Czechia": {
    "attack": 0.3,
    "defense": 0.3
  },
  "USA": {
    "attack": 1.0,
    "defense": 1.0
  },
  "Paraguay": {
    "attack": 0.3,
    "defense": 6.13227113645523
  },
  "Australia": {
    "attack": 0.5328439242755765,
    "defense": 5.57772640422775
  },
  "Turkey": {
    "attack": 0.3,
    "defense": 0.3
  },
  "Brazil": {
    "attack": 0.7639732347787263,
    "defense": 1.0
  },
  "Morocco": {
    "attack": 1.0,
    "defense": 1.2360267652212746
  },
  "Croatia": {
    "attack": 0.3,
    "defense": 0.3
  },
  "Belgium": {
    "attack": 1.0,
    "defense": 1.0
  },
  "France": {
    "attack": 5.483301579564741,
    "defense": 1.0
  },
  "Senegal": {
    "attack": 1.0,
    "defense": 0.3
  },
  "Argentina": {
    "attack": 5.422777406776555,
    "defense": 2.737062969945561
  },
  "Algeria": {
    "attack": 0.3,
    "defense": 0.3
  },
  "Spain": {
    "attack": 5.325502524419989,
    "defense": 2.062671112320281
  },
  "Saudi Arabia": {
    "attack": 0.3,
    "defense": 0.3
  },
  "England": {
    "attack": 0.3,
    "defense": 0.31330529446321476
  },
  "Ghana": {
    "attack": 0.9106086213715018,
    "defense": 12.948975045404186
  },
  "Portugal": {
    "attack": 0.7537047769713758,
    "defense": 1.2700814472947095
  },
  "Colombia": {
    "attack": 0.7299185527052903,
    "defense": 1.2462952230286242
  },
  "Germany": {
    "attack": 2.9093985393566895,
    "defense": 1.0
  },
  "Japan": {
    "attack": 4.210238801178002,
    "defense": 0.3
  },
  "Netherlands": {
    "attack": 4.015996086734056,
    "defense": 0.3
  },
  "Ivory Coast": {
    "attack": 1.0,
    "defense": 0.3
  },
  "Switzerland": {
    "attack": 1.0,
    "defense": 1.2360267652212746
  },
  "Qatar": {
    "attack": 0.7639732347787263,
    "defense": 1.0
  }
}