{
  "Mexico": {
    "attack": 0.4592215296792285,
    "defense": 14.080251089414812
  },
  "South Africa": {
    "attack": 0.3,
    "defense": 0.3045
  },
  "South Korea": {
    "attack": 0.3,
    "defense": 9.61726566949031
  },
  "Czechia": {
    "attack": 0.3,
    "defense": 0.3
  },
  "USA": {
    "attack": 1.0,
    "defense": 1.0
  },
  "Paraguay": {
    "attack": 1.0272478712795747,
    "defense": 2.5159021504670216
  },
  "Australia": {
    "attack": 2.870011954519923,
    "defense": 3.683454660602073
  },
  "Turkey": {
    "attack": 0.3,
    "defense": 0.3
  },
  "Brazil": {
    "attack": 0.7838143958241246,
    "defense": 1.0
  },
  "Morocco": {
    "attack": 1.0,
    "defense": 1.2161856041758763
  },
  "Croatia": {
    "attack": 3.220715490575086,
    "defense": 0.3
  },
  "Belgium": {
    "attack": 1.0,
    "defense": 1.0
  },
  "France": {
    "attack": 4.900561935701192,
    "defense": 1.0
  },
  "Senegal": {
    "attack": 1.0,
    "defense": 0.3
  },
  "Argentina": {
    "attack": 4.830261246264557,
    "defense": 2.3938140344477237
  },
  "Algeria": {
    "attack": 0.3,
    "defense": 0.3
  },
  "Spain": {
    "attack": 4.2277862740291505,
    "defense": 1.8039961489159284
  },
  "Saudi Arabia": {
    "attack": 0.3,
    "defense": 0.3
  },
  "England": {
    "attack": 0.7646910140038254,
    "defense": 0.3127025172843788
  },
  "Ghana": {
    "attack": 0.8341319683408771,
    "defense": 6.731420054042501
  },
  "Portugal": {
    "attack": 1.0,
    "defense": 1.0
  },
  "Colombia": {
    "attack": 1.0,
    "defense": 1.0
  },
  "Germany": {
    "attack": 2.4003815404457693,
    "defense": 1.0
  },
  "Japan": {
    "attack": 3.8523177398701263,
    "defense": 0.3
  },
  "Netherlands": {
    "attack": 3.685728649307073,
    "defense": 0.3
  },
  "Ivory Coast": {
    "attack": 1.0,
    "defense": 0.3
  },
  "Switzerland": {
    "attack": 1.0,
    "defense": 1.2161856041758763
  },
  "Qatar": {
    "attack": 0.7838143958241246,
    "defense": 1.0
  }
}