{
  "Mexico": {
    "attack": 2.082870528463314,
    "defense": 1.7510700564594417
  },
  "South Africa": {
    "attack": 0.3,
    "defense": 0.3
  },
  "South Korea": {
    "attack": 2.082870528463314,
    "defense": 1.0
  },
  "Czechia": {
    "attack": 1.0,
    "defense": 0.3
  },
  "USA": {
    "attack": 1.0,
    "defense": 1.0
  },
  "Paraguay": {
    "attack": 1.0,
    "defense": 1.0
  },
  "Australia": {
    "attack": 1.54207927427392,
    "defense": 1.5059106381536882
  },
  "Turkey": {
    "attack": 0.4940893618463116,
    "defense": 0.4579207257260801
  },
  "Brazil": {
    "attack": 0.9406873512835732,
    "defense": 1.0
  },
  "Morocco": {
    "attack": 1.0,
    "defense": 1.0593126487164268
  },
  "Croatia": {
    "attack": 1.0,
    "defense": 1.0
  },
  "Belgium": {
    "attack": 1.0,
    "defense": 1.0
  },
  "France": {
    "attack": 1.0,
    "defense": 1.0
  },
  "Senegal": {
    "attack": 1.0,
    "defense": 1.0
  },
  "Argentina": {
    "attack": 1.0,
    "defense": 1.0
  },
  "Algeria": {
    "attack": 1.0,
    "defense": 1.0
  },
  "Spain": {
    "attack": 1.0,
    "defense": 1.0
  },
  "Saudi Arabia": {
    "attack": 1.0,
    "defense": 1.0
  },
  "England": {
    "attack": 1.0,
    "defense": 1.0
  },
  "Ghana": {
    "attack": 1.0,
    "defense": 1.0
  },
  "Portugal": {
    "attack": 1.0,
    "defense": 1.0
  },
  "Colombia": {
    "attack": 1.0,
    "defense": 1.0
  },
  "Germany": {
    "attack": 1.0,
    "defense": 1.0
  },
  "Japan": {
    "attack": 1.418272030739052,
    "defense": 0.6237267571548589
  },
  "Netherlands": {
    "attack": 1.3762732428451412,
    "defense": 0.5817279692609477
  },
  "Ivory Coast": {
    "attack": 1.0,
    "defense": 1.0
  },
  "Switzerland": {
    "attack": 1.0,
    "defense": 1.0593126487164268
  },
  "Qatar": {
    "attack": 0.9406873512835732,
    "defense": 1.0
  }
}