{
  "Mexico": {
    "attack": 0.4455,
    "defense": 73.36713846256357
  },
  "South Africa": {
    "attack": 0.3,
    "defense": 0.3045
  },
  "South Korea": {
    "attack": 0.3,
    "defense": 53.37366350989619
  },
  "Czechia": {
    "attack": 0.3,
    "defense": 0.3
  },
  "USA": {
    "attack": 1.0,
    "defense": 1.0
  },
  "Paraguay": {
    "attack": 0.5455,
    "defense": 22.20396302486221
  },
  "Australia": {
    "attack": 0.3,
    "defense": 15.242211650360678
  },
  "Turkey": {
    "attack": 0.3,
    "defense": 0.3
  },
  "Brazil": {
    "attack": 0.39505,
    "defense": 10.408774045517877
  },
  "Morocco": {
    "attack": 0.5153048646851572,
    "defense": 8.180288233256816
  },
  "Croatia": {
    "attack": 0.3212545238741794,
    "defense": 0.3
  },
  "Belgium": {
    "attack": 2.3531523332631186,
    "defense": 0.37792027748233864
  },
  "France": {
    "attack": 6.58909349155891,
    "defense": 1.1530215629231269
  },
  "Senegal": {
    "attack": 1.4690581595945347,
    "defense": 0.3
  },
  "Argentina": {
    "attack": 6.547120987858577,
    "defense": 3.7978492193103337
  },
  "Algeria": {
    "attack": 0.3,
    "defense": 0.3
  },
  "Spain": {
    "attack": 7.408500933965274,
    "defense": 2.862087558685348
  },
  "Saudi Arabia": {
    "attack": 0.3,
    "defense": 0.3
  },
  "England": {
    "attack": 0.3,
    "defense": 0.31713137504436195
  },
  "Ghana": {
    "attack": 1.0285308205953885,
    "defense": 34.96352219183217
  },
  "Portugal": {
    "attack": 0.6450204130844204,
    "defense": 1.895110551180525
  },
  "Colombia": {
    "attack": 0.3,
    "defense": 2.3669550874117538
  },
  "Germany": {
    "attack": 0.3,
    "defense": 0.3
  },
  "Japan": {
    "attack": 0.3,
    "defense": 0.3
  },
  "Netherlands": {
    "attack": 0.5063049416093629,
    "defense": 0.3
  },
  "Ivory Coast": {
    "attack": 1.5291432691792946,
    "defense": 0.3
  },
  "Switzerland": {
    "attack": 1.420455235449944,
    "defense": 1.3982641669929832
  },
  "Qatar": {
    "attack": 0.7203947956446406,
    "defense": 1.062697493875441
  }
}