{
  "Mexico": {
    "attack": 2.692548171959617,
    "defense": 2.036743192783726
  },
  "South Africa": {
    "attack": 0.3562490646452446,
    "defense": 0.3
  },
  "South Korea": {
    "attack": 2.692548171959617,
    "defense": 1.001675
  },
  "Czechia": {
    "attack": 1.0647998875,
    "defense": 0.3
  },
  "USA": {
    "attack": 1.0,
    "defense": 1.0
  },
  "Paraguay": {
    "attack": 1.0,
    "defense": 1.0
  },
  "Australia": {
    "attack": 2.213052862525399,
    "defense": 1.8039961489159284
  },
  "Turkey": {
    "attack": 0.3,
    "defense": 0.3
  },
  "Brazil": {
    "attack": 0.8943502897897295,
    "defense": 1.0
  },
  "Morocco": {
    "attack": 1.0,
    "defense": 1.1056497102102703
  },
  "Croatia": {
    "attack": 1.253796032432433,
    "defense": 0.3
  },
  "Belgium": {
    "attack": 1.0,
    "defense": 1.0
  },
  "France": {
    "attack": 1.9546542926792922,
    "defense": 1.0
  },
  "Senegal": {
    "attack": 1.0,
    "defense": 0.3
  },
  "Argentina": {
    "attack": 1.8349306483775214,
    "defense": 1.3832172589683933
  },
  "Algeria": {
    "attack": 0.6167827410316066,
    "defense": 0.3
  },
  "Spain": {
    "attack": 1.0,
    "defense": 1.0
  },
  "Saudi Arabia": {
    "attack": 1.0,
    "defense": 1.0
  },
  "England": {
    "attack": 1.7610766061024155,
    "defense": 0.7462039675675668
  },
  "Ghana": {
    "attack": 1.0,
    "defense": 1.0
  },
  "Portugal": {
    "attack": 1.0,
    "defense": 1.0
  },
  "Colombia": {
    "attack": 1.0,
    "defense": 1.0
  },
  "Germany": {
    "attack": 1.0,
    "defense": 1.0
  },
  "Japan": {
    "attack": 2.101900189617288,
    "defense": 0.3
  },
  "Netherlands": {
    "attack": 2.0161367854227903,
    "defense": 0.3
  },
  "Ivory Coast": {
    "attack": 1.0,
    "defense": 1.0
  },
  "Switzerland": {
    "attack": 1.0,
    "defense": 1.1056497102102703
  },
  "Qatar": {
    "attack": 0.8943502897897295,
    "defense": 1.0
  }
}