{
  "Mexico": {
    "attack": 0.53803898875,
    "defense": 241.84419530068064
  },
  "South Africa": {
    "attack": 0.3,
    "defense": 0.3045
  },
  "South Korea": {
    "attack": 0.3,
    "defense": 181.12133289233603
  },
  "Czechia": {
    "attack": 0.3,
    "defense": 0.3
  },
  "USA": {
    "attack": 1.0,
    "defense": 1.0
  },
  "Paraguay": {
    "attack": 0.41112217220441855,
    "defense": 117.045276818979
  },
  "Australia": {
    "attack": 0.3,
    "defense": 34.662410853960466
  },
  "Turkey": {
    "attack": 0.3,
    "defense": 0.3
  },
  "Brazil": {
    "attack": 0.39505,
    "defense": 21.12642120423388
  },
  "Morocco": {
    "attack": 0.4955,
    "defense": 13.80917390592726
  },
  "Croatia": {
    "attack": 0.3,
    "defense": 0.3
  },
  "Belgium": {
    "attack": 4.179249620705442,
    "defense": 0.3
  },
  "France": {
    "attack": 0.3,
    "defense": 4.613265513674472
  },
  "Senegal": {
    "attack": 0.9051787090757578,
    "defense": 0.3
  },
  "Argentina": {
    "attack": 7.236549936081922,
    "defense": 5.039558852364872
  },
  "Algeria": {
    "attack": 0.3,
    "defense": 0.3
  },
  "Spain": {
    "attack": 0.3,
    "defense": 4.750935473343304
  },
  "Saudi Arabia": {
    "attack": 0.3,
    "defense": 0.3
  },
  "England": {
    "attack": 0.3,
    "defense": 0.3
  },
  "Ghana": {
    "attack": 0.3,
    "defense": 115.60081487931939
  },
  "Portugal": {
    "attack": 0.3,
    "defense": 13.395991398547997
  },
  "Colombia": {
    "attack": 0.4297800661918486,
    "defense": 7.184929875791663
  },
  "Germany": {
    "attack": 0.3,
    "defense": 0.3
  },
  "Japan": {
    "attack": 0.3,
    "defense": 0.3
  },
  "Netherlands": {
    "attack": 0.3,
    "defense": 0.3
  },
  "Ivory Coast": {
    "attack": 1.9794829687657243,
    "defense": 0.3
  },
  "Switzerland": {
    "attack": 0.7065403655526895,
    "defense": 1.2182155210182464
  },
  "Qatar": {
    "attack": 0.5981794503637835,
    "defense": 2.173942188338595
  }
}