{
  "Mexico": {
    "attack": 0.4455,
    "defense": 31.29631678385979
  },
  "South Africa": {
    "attack": 0.3,
    "defense": 0.3045
  },
  "South Korea": {
    "attack": 0.3,
    "defense": 21.0169601883086
  },
  "Czechia": {
    "attack": 0.3,
    "defense": 0.3
  },
  "USA": {
    "attack": 1.0,
    "defense": 1.0
  },
  "Paraguay": {
    "attack": 0.6463507519748231,
    "defense": 10.265465402979123
  },
  "Australia": {
    "attack": 0.3,
    "defense": 7.026473459762145
  },
  "Turkey": {
    "attack": 0.3,
    "defense": 0.3
  },
  "Brazil": {
    "attack": 1.0528444319076757,
    "defense": 1.9318995650567488
  },
  "Morocco": {
    "attack": 1.298624051042518,
    "defense": 1.6004080865697023
  },
  "Croatia": {
    "attack": 0.3,
    "defense": 0.3
  },
  "Belgium": {
    "attack": 1.0,
    "defense": 1.0
  },
  "France": {
    "attack": 5.826042287949218,
    "defense": 1.0
  },
  "Senegal": {
    "attack": 1.0,
    "defense": 0.3
  },
  "Argentina": {
    "attack": 5.771268213471498,
    "defense": 2.992823067473812
  },
  "Algeria": {
    "attack": 0.3,
    "defense": 0.3
  },
  "Spain": {
    "attack": 5.971128833228671,
    "defense": 2.2554138334956852
  },
  "Saudi Arabia": {
    "attack": 0.3,
    "defense": 0.3
  },
  "England": {
    "attack": 0.3,
    "defense": 0.3152764075218989
  },
  "Ghana": {
    "attack": 1.038103499195626,
    "defense": 16.629893631225773
  },
  "Portugal": {
    "attack": 0.4940893618463116,
    "defense": 1.5473409300956005
  },
  "Colombia": {
    "attack": 0.45265906990439914,
    "defense": 1.5059106381536882
  },
  "Germany": {
    "attack": 0.857502734603414,
    "defense": 0.3
  },
  "Japan": {
    "attack": 3.577975862800619,
    "defense": 0.3
  },
  "Netherlands": {
    "attack": 3.9019544696941235,
    "defense": 0.3
  },
  "Ivory Coast": {
    "attack": 1.0355842642313535,
    "defense": 0.3
  },
  "Switzerland": {
    "attack": 1.0,
    "defense": 1.2469043327596177
  },
  "Qatar": {
    "attack": 0.7530956672403833,
    "defense": 1.0
  }
}