{
  "Mexico": {
    "attack": 1.737816604242867,
    "defense": 1.6116394640035174
  },
  "South Africa": {
    "attack": 0.38836053599648246,
    "defense": 0.3
  },
  "South Korea": {
    "attack": 1.737816604242867,
    "defense": 1.0
  },
  "Czechia": {
    "attack": 1.0,
    "defense": 0.3
  },
  "USA": {
    "attack": 1.0,
    "defense": 1.0
  },
  "Paraguay": {
    "attack": 1.0,
    "defense": 1.0
  },
  "Australia": {
    "attack": 1.2762505559762218,
    "defense": 1.293262156184288
  },
  "Turkey": {
    "attack": 0.7067378438157118,
    "defense": 0.7237494440237784
  },
  "Brazil": {
    "attack": 0.965124707961271,
    "defense": 1.0
  },
  "Morocco": {
    "attack": 1.0,
    "defense": 1.0348752920387287
  },
  "Croatia": {
    "attack": 1.0,
    "defense": 1.0
  },
  "Belgium": {
    "attack": 1.0,
    "defense": 1.0
  },
  "France": {
    "attack": 1.0,
    "defense": 1.0
  },
  "Senegal": {
    "attack": 1.0,
    "defense": 1.0
  },
  "Argentina": {
    "attack": 1.0,
    "defense": 1.0
  },
  "Algeria": {
    "attack": 1.0,
    "defense": 1.0
  },
  "Spain": {
    "attack": 1.0,
    "defense": 1.0
  },
  "Saudi Arabia": {
    "attack": 1.0,
    "defense": 1.0
  },
  "England": {
    "attack": 1.0,
    "defense": 1.0
  },
  "Ghana": {
    "attack": 1.0,
    "defense": 1.0
  },
  "Portugal": {
    "attack": 1.0,
    "defense": 1.0
  },
  "Colombia": {
    "attack": 1.0,
    "defense": 1.0
  },
  "Germany": {
    "attack": 1.0,
    "defense": 1.0
  },
  "Japan": {
    "attack": 1.15062625078125,
    "defense": 0.8644420217052585
  },
  "Netherlands": {
    "attack": 1.1355579782947414,
    "defense": 0.84937374921875
  },
  "Ivory Coast": {
    "attack": 1.0,
    "defense": 1.0
  },
  "Switzerland": {
    "attack": 1.0,
    "defense": 1.0348752920387287
  },
  "Qatar": {
    "attack": 0.965124707961271,
    "defense": 1.0
  }
}