{
  "Mexico": {
    "attack": 1.948283462554947,
    "defense": 1.6996690100315963
  },
  "South Africa": {
    "attack": 0.3003309899684035,
    "defense": 0.3
  },
  "South Korea": {
    "attack": 1.948283462554947,
    "defense": 1.0
  },
  "Czechia": {
    "attack": 1.0,
    "defense": 0.3
  },
  "USA": {
    "attack": 1.0,
    "defense": 1.0
  },
  "Paraguay": {
    "attack": 1.0,
    "defense": 1.0
  },
  "Australia": {
    "attack": 1.429060228275607,
    "defense": 1.4258744855898309
  },
  "Turkey": {
    "attack": 0.574125514410169,
    "defense": 0.570939771724393
  },
  "Brazil": {
    "attack": 0.9503887620527397,
    "defense": 1.0
  },
  "Morocco": {
    "attack": 1.0,
    "defense": 1.0496112379472602
  },
  "Croatia": {
    "attack": 1.0,
    "defense": 1.0
  },
  "Belgium": {
    "attack": 1.0,
    "defense": 1.0
  },
  "France": {
    "attack": 1.0,
    "defense": 1.0
  },
  "Senegal": {
    "attack": 1.0,
    "defense": 1.0
  },
  "Argentina": {
    "attack": 1.0,
    "defense": 1.0
  },
  "Algeria": {
    "attack": 1.0,
    "defense": 1.0
  },
  "Spain": {
    "attack": 1.0,
    "defense": 1.0
  },
  "Saudi Arabia": {
    "attack": 1.0,
    "defense": 1.0
  },
  "England": {
    "attack": 1.0,
    "defense": 1.0
  },
  "Ghana": {
    "attack": 1.0,
    "defense": 1.0
  },
  "Portugal": {
    "attack": 1.0,
    "defense": 1.0
  },
  "Colombia": {
    "attack": 1.0,
    "defense": 1.0
  },
  "Germany": {
    "attack": 1.0,
    "defense": 1.0
  },
  "Japan": {
    "attack": 1.3070166537363552,
    "defense": 0.7237494440237784
  },
  "Netherlands": {
    "attack": 1.2762505559762218,
    "defense": 0.6929833462636446
  },
  "Ivory Coast": {
    "attack": 1.0,
    "defense": 1.0
  },
  "Switzerland": {
    "attack": 1.0,
    "defense": 1.0496112379472602
  },
  "Qatar": {
    "attack": 0.9503887620527397,
    "defense": 1.0
  }
}