{
  "Mexico": {
    "attack": 0.4455,
    "defense": 62.5352679022875
  },
  "South Africa": {
    "attack": 0.3,
    "defense": 0.3045
  },
  "South Korea": {
    "attack": 0.3,
    "defense": 44.604870773408
  },
  "Czechia": {
    "attack": 0.3,
    "defense": 0.3
  },
  "USA": {
    "attack": 1.0,
    "defense": 1.0
  },
  "Paraguay": {
    "attack": 0.5455,
    "defense": 19.225886351562668
  },
  "Australia": {
    "attack": 0.3,
    "defense": 13.25039945935063
  },
  "Turkey": {
    "attack": 0.3,
    "defense": 0.3
  },
  "Brazil": {
    "attack": 0.45266701371335916,
    "defense": 9.285768631003558
  },
  "Morocco": {
    "attack": 0.6173701496460492,
    "defense": 7.351001862655089
  },
  "Croatia": {
    "attack": 0.32167801991039213,
    "defense": 0.3
  },
  "Belgium": {
    "attack": 2.0083169116634663,
    "defense": 0.5735657428303959
  },
  "France": {
    "attack": 6.461051671707295,
    "defense": 1.0737853731078042
  },
  "Senegal": {
    "attack": 1.3526488840618,
    "defense": 0.3
  },
  "Argentina": {
    "attack": 6.416931033764408,
    "defense": 3.631947748092556
  },
  "Algeria": {
    "attack": 0.3,
    "defense": 0.3
  },
  "Spain": {
    "attack": 7.167306452242926,
    "defense": 2.737062969945561
  },
  "Saudi Arabia": {
    "attack": 0.3,
    "defense": 0.3
  },
  "England": {
    "attack": 0.3,
    "defense": 0.3184973841994234
  },
  "Ghana": {
    "attack": 1.246441638992373,
    "defense": 29.52415147614267
  },
  "Portugal": {
    "attack": 0.5499292486281208,
    "defense": 1.866453986063466
  },
  "Colombia": {
    "attack": 0.3,
    "defense": 1.9288438773384922
  },
  "Germany": {
    "attack": 0.3,
    "defense": 0.3
  },
  "Japan": {
    "attack": 0.3,
    "defense": 0.3
  },
  "Netherlands": {
    "attack": 0.6863315859814592,
    "defense": 0.3
  },
  "Ivory Coast": {
    "attack": 1.445456768876333,
    "defense": 0.3
  },
  "Switzerland": {
    "attack": 1.2341700993731304,
    "defense": 1.3251494754866786
  },
  "Qatar": {
    "attack": 0.7326289222188168,
    "defense": 1.012493273368703
  }
}