{
  "Mexico": {
    "attack": 0.5420286023125068,
    "defense": 11.56912952323457
  },
  "South Africa": {
    "attack": 0.3,
    "defense": 0.3045
  },
  "South Korea": {
    "attack": 0.3,
    "defense": 8.031692603169189
  },
  "Czechia": {
    "attack": 0.3,
    "defense": 0.3
  },
  "USA": {
    "attack": 1.0,
    "defense": 1.0
  },
  "Paraguay": {
    "attack": 1.685132661841766,
    "defense": 1.4570344100416883
  },
  "Australia": {
    "attack": 3.645885764420003,
    "defense": 2.737062969945561
  },
  "Turkey": {
    "attack": 0.3,
    "defense": 0.3
  },
  "Brazil": {
    "attack": 0.7941276030941731,
    "defense": 1.0
  },
  "Morocco": {
    "attack": 1.0,
    "defense": 1.2058723969058276
  },
  "Croatia": {
    "attack": 3.014440134802048,
    "defense": 0.3
  },
  "Belgium": {
    "attack": 1.0,
    "defense": 1.0
  },
  "France": {
    "attack": 4.612203167197161,
    "defense": 1.0
  },
  "Senegal": {
    "attack": 1.0,
    "defense": 0.3
  },
  "Argentina": {
    "attack": 4.537064735330108,
    "defense": 2.2554138334956852
  },
  "Algeria": {
    "attack": 0.3,
    "defense": 0.3
  },
  "Spain": {
    "attack": 3.6846001196928184,
    "defense": 1.6996690100315963
  },
  "Saudi Arabia": {
    "attack": 0.3003309899684035,
    "defense": 0.3
  },
  "England": {
    "attack": 2.048090910246678,
    "defense": 0.3134941294651153
  },
  "Ghana": {
    "attack": 0.8861145015425732,
    "defense": 4.746238218785146
  },
  "Portugal": {
    "attack": 1.0,
    "defense": 1.0
  },
  "Colombia": {
    "attack": 1.0,
    "defense": 1.0
  },
  "Germany": {
    "attack": 2.1485031647436696,
    "defense": 1.0
  },
  "Japan": {
    "attack": 3.676929441518068,
    "defense": 0.3
  },
  "Netherlands": {
    "attack": 3.522301443802368,
    "defense": 0.3
  },
  "Ivory Coast": {
    "attack": 1.0,
    "defense": 0.3
  },
  "Switzerland": {
    "attack": 1.0,
    "defense": 1.2058723969058276
  },
  "Qatar": {
    "attack": 0.7941276030941731,
    "defense": 1.0
  }
}