{
  "Mexico": {
    "attack": 0.4455,
    "defense": 45.433048969320105
  },
  "South Africa": {
    "attack": 0.3,
    "defense": 0.3045
  },
  "South Korea": {
    "attack": 0.3,
    "defense": 31.330340380668847
  },
  "Czechia": {
    "attack": 0.3,
    "defense": 0.3
  },
  "USA": {
    "attack": 1.0,
    "defense": 1.0
  },
  "Paraguay": {
    "attack": 0.5455,
    "defense": 14.60892003665841
  },
  "Australia": {
    "attack": 0.3,
    "defense": 10.013616104284635
  },
  "Turkey": {
    "attack": 0.3,
    "defense": 0.3
  },
  "Brazil": {
    "attack": 0.9049214722761993,
    "defense": 6.107065858673313
  },
  "Morocco": {
    "attack": 1.1966029200197856,
    "defense": 4.568398932867304
  },
  "Croatia": {
    "attack": 0.3,
    "defense": 0.3
  },
  "Belgium": {
    "attack": 1.26479725,
    "defense": 0.8997562499999999
  },
  "France": {
    "attack": 6.184973274269997,
    "defense": 1.0025
  },
  "Senegal": {
    "attack": 1.09774375,
    "defense": 0.3
  },
  "Argentina": {
    "attack": 6.1362209194407695,
    "defense": 3.3215694566509115
  },
  "Algeria": {
    "attack": 0.3,
    "defense": 0.3
  },
  "Spain": {
    "attack": 6.64725303483763,
    "defense": 2.50315956959349
  },
  "Saudi Arabia": {
    "attack": 0.3,
    "defense": 0.3
  },
  "England": {
    "attack": 0.3,
    "defense": 0.31716676578882663
  },
  "Ghana": {
    "attack": 1.1603750224976215,
    "defense": 22.51809153325193
  },
  "Portugal": {
    "attack": 0.3,
    "defense": 1.7731963662593522
  },
  "Colombia": {
    "attack": 0.3,
    "defense": 1.7251921738516667
  },
  "Germany": {
    "attack": 0.3,
    "defense": 0.3
  },
  "Japan": {
    "attack": 1.2031910560010395,
    "defense": 0.3
  },
  "Netherlands": {
    "attack": 1.9999093606400884,
    "defense": 0.3
  },
  "Ivory Coast": {
    "attack": 1.2662584388793108,
    "defense": 0.3
  },
  "Switzerland": {
    "attack": 1.0,
    "defense": 1.2575241854459638
  },
  "Qatar": {
    "attack": 0.7424758145540374,
    "defense": 1.0
  }
}