{
  "Mexico": {
    "attack": 0.53803898875,
    "defense": 258.74712768531475
  },
  "South Africa": {
    "attack": 0.3,
    "defense": 0.3045
  },
  "South Korea": {
    "attack": 0.3,
    "defense": 193.6588993265013
  },
  "Czechia": {
    "attack": 0.3,
    "defense": 0.3
  },
  "USA": {
    "attack": 1.0,
    "defense": 1.0
  },
  "Paraguay": {
    "attack": 0.4023263598638289,
    "defense": 126.46679273307247
  },
  "Australia": {
    "attack": 0.3,
    "defense": 36.06269883173287
  },
  "Turkey": {
    "attack": 0.3,
    "defense": 0.3
  },
  "Brazil": {
    "attack": 0.39505,
    "defense": 21.976964893994996
  },
  "Morocco": {
    "attack": 0.4955,
    "defense": 14.214691318709365
  },
  "Croatia": {
    "attack": 0.3,
    "defense": 0.3
  },
  "Belgium": {
    "attack": 4.260292001963802,
    "defense": 0.3
  },
  "France": {
    "attack": 0.3,
    "defense": 4.9152306399252215
  },
  "Senegal": {
    "attack": 0.8351914146167615,
    "defense": 0.3
  },
  "Argentina": {
    "attack": 7.2671468621365705,
    "defense": 5.115152235150346
  },
  "Algeria": {
    "attack": 0.3,
    "defense": 0.3
  },
  "Spain": {
    "attack": 0.3,
    "defense": 4.926975050747853
  },
  "Saudi Arabia": {
    "attack": 0.3,
    "defense": 0.3
  },
  "England": {
    "attack": 0.3,
    "defense": 0.3
  },
  "Ghana": {
    "attack": 0.3,
    "defense": 123.181757515384
  },
  "Portugal": {
    "attack": 0.3,
    "defense": 14.161610163479924
  },
  "Colombia": {
    "attack": 0.43160371390789914,
    "defense": 7.532265063613477
  },
  "Germany": {
    "attack": 0.3,
    "defense": 0.3
  },
  "Japan": {
    "attack": 0.3,
    "defense": 0.3
  },
  "Netherlands": {
    "attack": 0.3,
    "defense": 0.3
  },
  "Ivory Coast": {
    "attack": 1.9997907242342383,
    "defense": 0.3
  },
  "Switzerland": {
    "attack": 0.6549459547470006,
    "defense": 1.0948153588988234
  },
  "Qatar": {
    "attack": 0.6081003183704806,
    "defense": 2.2007410837605534
  }
}