{
  "Mexico": {
    "attack": 0.7905559837742013,
    "defense": 6.817423677012544
  },
  "South Africa": {
    "attack": 0.3455,
    "defense": 0.3
  },
  "South Korea": {
    "attack": 0.3,
    "defense": 4.9048404713803935
  },
  "Czechia": {
    "attack": 0.6038328800826593,
    "defense": 0.3
  },
  "USA": {
    "attack": 1.0,
    "defense": 1.0
  },
  "Paraguay": {
    "attack": 1.327295634728666,
    "defense": 1.1778061826821773
  },
  "Australia": {
    "attack": 3.0628237185336395,
    "defense": 2.2554138334956852
  },
  "Turkey": {
    "attack": 0.3,
    "defense": 0.3
  },
  "Brazil": {
    "attack": 0.8345592062825145,
    "defense": 1.0
  },
  "Morocco": {
    "attack": 1.0,
    "defense": 1.1654407937174858
  },
  "Croatia": {
    "attack": 2.2378161114714334,
    "defense": 0.3
  },
  "Belgium": {
    "attack": 1.0,
    "defense": 1.0
  },
  "France": {
    "attack": 3.5307680034941926,
    "defense": 1.0
  },
  "Senegal": {
    "attack": 1.0,
    "defense": 0.3
  },
  "Argentina": {
    "attack": 3.4374865312599825,
    "defense": 1.8585219325169124
  },
  "Algeria": {
    "attack": 0.3,
    "defense": 0.3
  },
  "Spain": {
    "attack": 1.6519241676930077,
    "defense": 1.1982605860272169
  },
  "Saudi Arabia": {
    "attack": 0.801739413972783,
    "defense": 0.3480758323069924
  },
  "England": {
    "attack": 4.049216827120766,
    "defense": 0.3
  },
  "Ghana": {
    "attack": 1.0,
    "defense": 1.0
  },
  "Portugal": {
    "attack": 1.0,
    "defense": 1.0
  },
  "Colombia": {
    "attack": 1.0,
    "defense": 1.0
  },
  "Germany": {
    "attack": 1.3254478463084662,
    "defense": 1.0
  },
  "Japan": {
    "attack": 3.02783452304047,
    "defense": 0.3
  },
  "Netherlands": {
    "attack": 2.9093985393566895,
    "defense": 0.3
  },
  "Ivory Coast": {
    "attack": 1.0,
    "defense": 0.674552153691534
  },
  "Switzerland": {
    "attack": 1.0,
    "defense": 1.1654407937174858
  },
  "Qatar": {
    "attack": 0.8345592062825145,
    "defense": 1.0
  }
}