{
  "Mexico": {
    "attack": 1.7218470566813318,
    "defense": 5.198278913825752
  },
  "South Africa": {
    "attack": 0.3455,
    "defense": 0.3
  },
  "South Korea": {
    "attack": 0.7179791038556672,
    "defense": 2.887538660246908
  },
  "Czechia": {
    "attack": 0.9912187118665844,
    "defense": 0.3
  },
  "USA": {
    "attack": 1.0,
    "defense": 1.0
  },
  "Paraguay": {
    "attack": 1.1368813818749999,
    "defense": 1.0676515426200626
  },
  "Australia": {
    "attack": 2.7481211271222836,
    "defense": 2.062671112320281
  },
  "Turkey": {
    "attack": 0.3,
    "defense": 0.3
  },
  "Brazil": {
    "attack": 0.8568594613423333,
    "defense": 1.0
  },
  "Morocco": {
    "attack": 1.0,
    "defense": 1.1431405386576667
  },
  "Croatia": {
    "attack": 1.8174270679082805,
    "defense": 0.3
  },
  "Belgium": {
    "attack": 1.0,
    "defense": 1.0
  },
  "France": {
    "attack": 2.947072921878441,
    "defense": 1.0
  },
  "Senegal": {
    "attack": 1.0,
    "defense": 0.3
  },
  "Argentina": {
    "attack": 2.8439989037909923,
    "defense": 1.6996690100315963
  },
  "Algeria": {
    "attack": 0.3003309899684035,
    "defense": 0.3
  },
  "Spain": {
    "attack": 1.0,
    "defense": 1.0
  },
  "Saudi Arabia": {
    "attack": 1.0,
    "defense": 1.0
  },
  "England": {
    "attack": 3.2018311442914125,
    "defense": 0.3
  },
  "Ghana": {
    "attack": 1.0,
    "defense": 1.0
  },
  "Portugal": {
    "attack": 1.0,
    "defense": 1.0
  },
  "Colombia": {
    "attack": 1.0,
    "defense": 1.0
  },
  "Germany": {
    "attack": 1.045,
    "defense": 1.0
  },
  "Japan": {
    "attack": 2.6824344817698416,
    "defense": 0.3
  },
  "Netherlands": {
    "attack": 2.5785896080029356,
    "defense": 0.3
  },
  "Ivory Coast": {
    "attack": 1.0,
    "defense": 0.955
  },
  "Switzerland": {
    "attack": 1.0,
    "defense": 1.1431405386576667
  },
  "Qatar": {
    "attack": 0.8568594613423333,
    "defense": 1.0
  }
}