{
  "Mexico": {
    "attack": 0.53803898875,
    "defense": 184.6565145416226
  },
  "South Africa": {
    "attack": 0.3,
    "defense": 0.3045
  },
  "South Korea": {
    "attack": 0.3,
    "defense": 138.66068728871122
  },
  "Czechia": {
    "attack": 0.3,
    "defense": 0.3
  },
  "USA": {
    "attack": 1.0,
    "defense": 1.0
  },
  "Paraguay": {
    "attack": 0.44411429304626804,
    "defense": 86.02448470809986
  },
  "Australia": {
    "attack": 0.3,
    "defense": 29.45368120170407
  },
  "Turkey": {
    "attack": 0.3,
    "defense": 0.3
  },
  "Brazil": {
    "attack": 0.39505,
    "defense": 18.07535887961462
  },
  "Morocco": {
    "attack": 0.4955,
    "defense": 12.35071205379099
  },
  "Croatia": {
    "attack": 0.3,
    "defense": 0.3
  },
  "Belgium": {
    "attack": 3.841253740249848,
    "defense": 0.3
  },
  "France": {
    "attack": 0.3,
    "defense": 3.480627668581327
  },
  "Senegal": {
    "attack": 1.2069575465851772,
    "defense": 0.3
  },
  "Argentina": {
    "attack": 7.108942198000945,
    "defense": 4.748192878300044
  },
  "Algeria": {
    "attack": 0.3,
    "defense": 0.3
  },
  "Spain": {
    "attack": 1.7828187352676812,
    "defense": 4.107468175476268
  },
  "Saudi Arabia": {
    "attack": 0.3,
    "defense": 0.3
  },
  "England": {
    "attack": 0.3,
    "defense": 0.3
  },
  "Ghana": {
    "attack": 0.3,
    "defense": 89.74126960362626
  },
  "Portugal": {
    "attack": 0.3077018373904355,
    "defense": 9.575296320291656
  },
  "Colombia": {
    "attack": 0.4234852733724699,
    "defense": 5.766724668260696
  },
  "Germany": {
    "attack": 0.3,
    "defense": 0.3
  },
  "Japan": {
    "attack": 0.3,
    "defense": 0.3
  },
  "Netherlands": {
    "attack": 0.3,
    "defense": 0.3
  },
  "Ivory Coast": {
    "attack": 1.8951119409219574,
    "defense": 0.3
  },
  "Switzerland": {
    "attack": 1.146617265568397,
    "defense": 1.6441631684628721
  },
  "Qatar": {
    "attack": 0.5919567553187248,
    "defense": 1.9859373530620468
  }
}