{
  "Mexico": {
    "attack": 0.4455,
    "defense": 25.292464040613087
  },
  "South Africa": {
    "attack": 0.3,
    "defense": 0.3045
  },
  "South Korea": {
    "attack": 0.3,
    "defense": 16.86912542807707
  },
  "Czechia": {
    "attack": 0.3,
    "defense": 0.3
  },
  "USA": {
    "attack": 1.0,
    "defense": 1.0
  },
  "Paraguay": {
    "attack": 0.3,
    "defense": 6.70470432002983
  },
  "Australia": {
    "attack": 0.35177491494069224,
    "defense": 5.966776782379066
  },
  "Turkey": {
    "attack": 0.3,
    "defense": 0.3
  },
  "Brazil": {
    "attack": 0.7601516555709611,
    "defense": 1.0
  },
  "Morocco": {
    "attack": 1.0,
    "defense": 1.2398483444290398
  },
  "Croatia": {
    "attack": 0.3,
    "defense": 0.3
  },
  "Belgium": {
    "attack": 1.0,
    "defense": 1.0
  },
  "France": {
    "attack": 5.60137045629414,
    "defense": 1.0
  },
  "Senegal": {
    "attack": 1.0,
    "defense": 0.3
  },
  "Argentina": {
    "attack": 5.5428271035019225,
    "defense": 2.8197906982121657
  },
  "Algeria": {
    "attack": 0.3,
    "defense": 0.3
  },
  "Spain": {
    "attack": 5.547910809176402,
    "defense": 2.1250153466901613
  },
  "Saudi Arabia": {
    "attack": 0.3,
    "defense": 0.3
  },
  "England": {
    "attack": 0.3,
    "defense": 0.31400242874505246
  },
  "Ghana": {
    "attack": 0.955700428611236,
    "defense": 14.059356336668985
  },
  "Portugal": {
    "attack": 0.6610379784282047,
    "defense": 1.3703998176475825
  },
  "Colombia": {
    "attack": 0.6296001823524171,
    "defense": 1.3389620215717952
  },
  "Germany": {
    "attack": 3.0125304713102588,
    "defense": 1.0
  },
  "Japan": {
    "attack": 4.283378940872927,
    "defense": 0.3
  },
  "Netherlands": {
    "attack": 4.082911570806446,
    "defense": 0.3
  },
  "Ivory Coast": {
    "attack": 1.0,
    "defense": 0.3
  },
  "Switzerland": {
    "attack": 1.0,
    "defense": 1.2398483444290398
  },
  "Qatar": {
    "attack": 0.7601516555709611,
    "defense": 1.0
  }
}