{
  "Mexico": {
    "attack": 1.8885103931655802,
    "defense": 4.877156236469605
  },
  "South Africa": {
    "attack": 0.3455,
    "defense": 0.3
  },
  "South Korea": {
    "attack": 0.8691905513236418,
    "defense": 2.5683957774608737
  },
  "Czechia": {
    "attack": 1.040649334201407,
    "defense": 0.3
  },
  "USA": {
    "attack": 1.0,
    "defense": 1.0
  },
  "Paraguay": {
    "attack": 1.103432875,
    "defense": 1.050321242125
  },
  "Australia": {
    "attack": 2.692548171959617,
    "defense": 2.032188288000277
  },
  "Turkey": {
    "attack": 0.3,
    "defense": 0.3
  },
  "Brazil": {
    "attack": 0.8607936488919483,
    "defense": 1.0
  },
  "Morocco": {
    "attack": 1.0,
    "defense": 1.1392063511080517
  },
  "Croatia": {
    "attack": 1.7435807796023153,
    "defense": 0.3
  },
  "Belgium": {
    "attack": 1.0,
    "defense": 1.0
  },
  "France": {
    "attack": 2.8439989037909923,
    "defense": 1.0
  },
  "Senegal": {
    "attack": 1.0,
    "defense": 0.3
  },
  "Argentina": {
    "attack": 2.739195631714278,
    "defense": 1.6722660951671615
  },
  "Algeria": {
    "attack": 0.3277339048328384,
    "defense": 0.3
  },
  "Spain": {
    "attack": 1.0,
    "defense": 1.0
  },
  "Saudi Arabia": {
    "attack": 1.0,
    "defense": 1.0
  },
  "England": {
    "attack": 3.0521923175306687,
    "defense": 0.3
  },
  "Ghana": {
    "attack": 1.0,
    "defense": 1.0
  },
  "Portugal": {
    "attack": 1.0,
    "defense": 1.0
  },
  "Colombia": {
    "attack": 1.0,
    "defense": 1.0
  },
  "Germany": {
    "attack": 1.0,
    "defense": 1.0
  },
  "Japan": {
    "attack": 2.621760895197809,
    "defense": 0.3
  },
  "Netherlands": {
    "attack": 2.5201724534854453,
    "defense": 0.3
  },
  "Ivory Coast": {
    "attack": 1.0,
    "defense": 1.0
  },
  "Switzerland": {
    "attack": 1.0,
    "defense": 1.1392063511080517
  },
  "Qatar": {
    "attack": 0.8607936488919483,
    "defense": 1.0
  }
}