{
  "Mexico": {
    "attack": 0.5379939572563468,
    "defense": 115.41726147741363
  },
  "South Africa": {
    "attack": 0.3,
    "defense": 0.3045
  },
  "South Korea": {
    "attack": 0.3,
    "defense": 87.13948292191206
  },
  "Czechia": {
    "attack": 0.3,
    "defense": 0.3
  },
  "USA": {
    "attack": 1.0,
    "defense": 1.0
  },
  "Paraguay": {
    "attack": 0.4878920645863802,
    "defense": 50.647556523618434
  },
  "Australia": {
    "attack": 0.3,
    "defense": 21.835346162599276
  },
  "Turkey": {
    "attack": 0.3,
    "defense": 0.3
  },
  "Brazil": {
    "attack": 0.39505,
    "defense": 13.873745919805518
  },
  "Morocco": {
    "attack": 0.4955,
    "defense": 10.252942420347907
  },
  "Croatia": {
    "attack": 0.3199103869167986,
    "defense": 0.3
  },
  "Belgium": {
    "attack": 3.192834748313698,
    "defense": 0.3
  },
  "France": {
    "attack": 0.3,
    "defense": 1.9777124404921893
  },
  "Senegal": {
    "attack": 1.5819812581465127,
    "defense": 0.3
  },
  "Argentina": {
    "attack": 6.8641366081275175,
    "defense": 4.278248990559866
  },
  "Algeria": {
    "attack": 0.3,
    "defense": 0.3
  },
  "Spain": {
    "attack": 7.9958152068726065,
    "defense": 3.224120417045705
  },
  "Saudi Arabia": {
    "attack": 0.3,
    "defense": 0.3
  },
  "England": {
    "attack": 0.3,
    "defense": 0.3
  },
  "Ghana": {
    "attack": 0.36874300742424787,
    "defense": 57.65906369350407
  },
  "Portugal": {
    "attack": 0.5768094336256814,
    "defense": 1.986063818629963
  },
  "Colombia": {
    "attack": 0.3,
    "defense": 4.056857418841569
  },
  "Germany": {
    "attack": 0.3,
    "defense": 0.3
  },
  "Japan": {
    "attack": 0.3,
    "defense": 0.3
  },
  "Netherlands": {
    "attack": 0.35366854389087454,
    "defense": 0.3
  },
  "Ivory Coast": {
    "attack": 1.734614353947414,
    "defense": 0.3
  },
  "Switzerland": {
    "attack": 1.6760554242152816,
    "defense": 1.6380498594903663
  },
  "Qatar": {
    "attack": 0.6612531183828705,
    "defense": 1.4065649626520593
  }
}