{
  "Mexico": {
    "attack": 1.3768870593739764,
    "defense": 5.787426578089765
  },
  "South Africa": {
    "attack": 0.3455,
    "defense": 0.3
  },
  "South Korea": {
    "attack": 0.49203439431783697,
    "defense": 3.572108812960697
  },
  "Czechia": {
    "attack": 0.8690722765536517,
    "defense": 0.3
  },
  "USA": {
    "attack": 1.0,
    "defense": 1.0
  },
  "Paraguay": {
    "attack": 1.2022807387296717,
    "defense": 1.103174711659003
  },
  "Australia": {
    "attack": 2.8565313059041073,
    "defense": 2.1250153466901613
  },
  "Turkey": {
    "attack": 0.3,
    "defense": 0.3
  },
  "Brazil": {
    "attack": 0.8491750835397452,
    "defense": 1.0
  },
  "Morocco": {
    "attack": 1.0,
    "defense": 1.1508249164602549
  },
  "Croatia": {
    "attack": 1.9618131769613114,
    "defense": 0.3
  },
  "Belgium": {
    "attack": 1.0,
    "defense": 1.0
  },
  "France": {
    "attack": 3.1481468560594337,
    "defense": 1.0
  },
  "Senegal": {
    "attack": 1.0,
    "defense": 0.3
  },
  "Argentina": {
    "attack": 3.0484462186674466,
    "defense": 1.7510700564594417
  },
  "Algeria": {
    "attack": 0.3,
    "defense": 0.3
  },
  "Spain": {
    "attack": 1.0,
    "defense": 1.0
  },
  "Saudi Arabia": {
    "attack": 1.0,
    "defense": 1.0
  },
  "England": {
    "attack": 3.493742415058829,
    "defense": 0.3
  },
  "Ghana": {
    "attack": 1.0,
    "defense": 1.0
  },
  "Portugal": {
    "attack": 1.0,
    "defense": 1.0
  },
  "Colombia": {
    "attack": 1.0,
    "defense": 1.0
  },
  "Germany": {
    "attack": 1.1355579782947414,
    "defense": 1.0
  },
  "Japan": {
    "attack": 2.8010649950751447,
    "defense": 0.3
  },
  "Netherlands": {
    "attack": 2.692548171959617,
    "defense": 0.3
  },
  "Ivory Coast": {
    "attack": 1.0,
    "defense": 0.8644420217052585
  },
  "Switzerland": {
    "attack": 1.0,
    "defense": 1.1508249164602549
  },
  "Qatar": {
    "attack": 0.8491750835397452,
    "defense": 1.0
  }
}