{
  "Mexico": {
    "attack": 0.53803898875,
    "defense": 141.11172185468834
  },
  "South Africa": {
    "attack": 0.3,
    "defense": 0.3045
  },
  "South Korea": {
    "attack": 0.3,
    "defense": 106.27617783932017
  },
  "Czechia": {
    "attack": 0.3,
    "defense": 0.3
  },
  "USA": {
    "attack": 1.0,
    "defense": 1.0
  },
  "Paraguay": {
    "attack": 0.4717559095727527,
    "defense": 63.44724959880228
  },
  "Australia": {
    "attack": 0.3,
    "defense": 24.870592267631476
  },
  "Turkey": {
    "attack": 0.3,
    "defense": 0.3
  },
  "Brazil": {
    "attack": 0.39505,
    "defense": 15.517246924078245
  },
  "Morocco": {
    "attack": 0.4955,
    "defense": 11.109186538649068
  },
  "Croatia": {
    "attack": 0.3076000266337185,
    "defense": 0.3
  },
  "Belgium": {
    "attack": 3.4799986709400614,
    "defense": 0.3
  },
  "France": {
    "attack": 0.3,
    "defense": 2.531675610375493
  },
  "Senegal": {
    "attack": 1.467688686144716,
    "defense": 0.3
  },
  "Argentina": {
    "attack": 6.9725531325402335,
    "defense": 4.473672452294031
  },
  "Algeria": {
    "attack": 0.3,
    "defense": 0.3
  },
  "Spain": {
    "attack": 6.442294128785299,
    "defense": 3.5511521693385077
  },
  "Saudi Arabia": {
    "attack": 0.3,
    "defense": 0.3
  },
  "England": {
    "attack": 0.3,
    "defense": 0.3
  },
  "Ghana": {
    "attack": 0.3,
    "defense": 69.75403401998861
  },
  "Portugal": {
    "attack": 0.34756500591525086,
    "defense": 3.8179188202771264
  },
  "Colombia": {
    "attack": 0.3,
    "defense": 4.630682885456695
  },
  "Germany": {
    "attack": 0.3,
    "defense": 0.3
  },
  "Japan": {
    "attack": 0.3,
    "defense": 0.3
  },
  "Netherlands": {
    "attack": 0.3172039656567074,
    "defense": 0.3
  },
  "Ivory Coast": {
    "attack": 1.8054829683852502,
    "defense": 0.3
  },
  "Switzerland": {
    "attack": 1.6745738079702674,
    "defense": 1.7435474737558279
  },
  "Qatar": {
    "attack": 0.6314707578569214,
    "defense": 1.6285686584073074
  }
}