{
  "Mexico": {
    "attack": 0.53803898875,
    "defense": 316.94917637414085
  },
  "South Africa": {
    "attack": 0.3,
    "defense": 0.3045
  },
  "South Korea": {
    "attack": 0.3,
    "defense": 236.79320983998952
  },
  "Czechia": {
    "attack": 0.3,
    "defense": 0.3
  },
  "USA": {
    "attack": 1.0,
    "defense": 1.0
  },
  "Paraguay": {
    "attack": 0.3707905148467513,
    "defense": 159.66739323526684
  },
  "Australia": {
    "attack": 0.3,
    "defense": 40.49770851864434
  },
  "Turkey": {
    "attack": 0.3,
    "defense": 0.3
  },
  "Brazil": {
    "attack": 0.39505,
    "defense": 24.599056504645866
  },
  "Morocco": {
    "attack": 0.3469026784241105,
    "defense": 15.855639421575484
  },
  "Croatia": {
    "attack": 0.3,
    "defense": 0.3
  },
  "Belgium": {
    "attack": 4.495483841094988,
    "defense": 0.3
  },
  "France": {
    "attack": 0.3,
    "defense": 6.1464710481506435
  },
  "Senegal": {
    "attack": 0.6498789500866113,
    "defense": 0.3
  },
  "Argentina": {
    "attack": 7.355941727228362,
    "defense": 5.348804077129631
  },
  "Algeria": {
    "attack": 0.3,
    "defense": 0.3
  },
  "Spain": {
    "attack": 0.3,
    "defense": 5.4952070004181035
  },
  "Saudi Arabia": {
    "attack": 0.3,
    "defense": 0.3
  },
  "England": {
    "attack": 0.3,
    "defense": 0.3
  },
  "Ghana": {
    "attack": 0.3,
    "defense": 149.1050898422593
  },
  "Portugal": {
    "attack": 0.3,
    "defense": 16.77911763202032
  },
  "Colombia": {
    "attack": 0.43774849609145844,
    "defense": 8.62485094476296
  },
  "Germany": {
    "attack": 0.3,
    "defense": 0.3
  },
  "Japan": {
    "attack": 0.3,
    "defense": 0.3
  },
  "Netherlands": {
    "attack": 0.3,
    "defense": 0.3
  },
  "Ivory Coast": {
    "attack": 2.058904501088861,
    "defense": 0.3
  },
  "Switzerland": {
    "attack": 0.5477727337250015,
    "defense": 0.6790184311446456
  },
  "Qatar": {
    "attack": 0.6595307741718548,
    "defense": 2.2557985504482696
  }
}