{
  "Mexico": {
    "attack": 2.636042879470887,
    "defense": 2.002155948768746
  },
  "South Africa": {
    "attack": 0.3455,
    "defense": 0.3
  },
  "South Korea": {
    "attack": 2.636042879470887,
    "defense": 1.0
  },
  "Czechia": {
    "attack": 1.0335,
    "defense": 0.3
  },
  "USA": {
    "attack": 1.0,
    "defense": 1.0
  },
  "Paraguay": {
    "attack": 1.0,
    "defense": 1.0
  },
  "Australia": {
    "attack": 2.1485031647436696,
    "defense": 1.7773361073063334
  },
  "Turkey": {
    "attack": 0.3,
    "defense": 0.3
  },
  "Brazil": {
    "attack": 0.8987868643542308,
    "defense": 1.0
  },
  "Morocco": {
    "attack": 1.0,
    "defense": 1.101213135645769
  },
  "Croatia": {
    "attack": 1.2017606641524707,
    "defense": 0.40349349450778393
  },
  "Belgium": {
    "attack": 1.0,
    "defense": 1.0
  },
  "France": {
    "attack": 1.8349306483775214,
    "defense": 1.0
  },
  "Senegal": {
    "attack": 1.0,
    "defense": 0.3
  },
  "Argentina": {
    "attack": 1.7131984223462342,
    "defense": 1.3389620215717952
  },
  "Algeria": {
    "attack": 0.6610379784282047,
    "defense": 0.3
  },
  "Spain": {
    "attack": 1.0,
    "defense": 1.0
  },
  "Saudi Arabia": {
    "attack": 1.0,
    "defense": 1.0
  },
  "England": {
    "attack": 1.596506505492216,
    "defense": 0.7982393358475292
  },
  "Ghana": {
    "attack": 1.0,
    "defense": 1.0
  },
  "Portugal": {
    "attack": 1.0,
    "defense": 1.0
  },
  "Colombia": {
    "attack": 1.0,
    "defense": 1.0
  },
  "Germany": {
    "attack": 1.0,
    "defense": 1.0
  },
  "Japan": {
    "attack": 2.0323859793068917,
    "defense": 0.3
  },
  "Netherlands": {
    "attack": 1.948283462554947,
    "defense": 0.3
  },
  "Ivory Coast": {
    "attack": 1.0,
    "defense": 1.0
  },
  "Switzerland": {
    "attack": 1.0,
    "defense": 1.101213135645769
  },
  "Qatar": {
    "attack": 0.8987868643542308,
    "defense": 1.0
  }
}