{
  "Mexico": {
    "attack": 0.53803898875,
    "defense": 276.84192065067873
  },
  "South Africa": {
    "attack": 0.3,
    "defense": 0.3045
  },
  "South Korea": {
    "attack": 0.3,
    "defense": 207.0749770269874
  },
  "Czechia": {
    "attack": 0.3,
    "defense": 0.3
  },
  "USA": {
    "attack": 1.0,
    "defense": 1.0
  },
  "Paraguay": {
    "attack": 0.3933726669338494,
    "defense": 136.66717195572645
  },
  "Australia": {
    "attack": 0.3,
    "defense": 37.502113362896395
  },
  "Turkey": {
    "attack": 0.3,
    "defense": 0.3
  },
  "Brazil": {
    "attack": 0.39505,
    "defense": 22.86581700828377
  },
  "Morocco": {
    "attack": 0.4955,
    "defense": 14.638022136214298
  },
  "Croatia": {
    "attack": 0.3,
    "defense": 0.3
  },
  "Belgium": {
    "attack": 4.339997183931399,
    "defense": 0.3
  },
  "France": {
    "attack": 0.3,
    "defense": 5.222615894557712
  },
  "Senegal": {
    "attack": 0.7697344906546654,
    "defense": 0.3
  },
  "Argentina": {
    "attack": 7.297238938911317,
    "defense": 5.191879518677601
  },
  "Algeria": {
    "attack": 0.3,
    "defense": 0.3
  },
  "Spain": {
    "attack": 0.3,
    "defense": 5.10953753990034
  },
  "Saudi Arabia": {
    "attack": 0.3,
    "defense": 0.3
  },
  "England": {
    "attack": 0.3,
    "defense": 0.3
  },
  "Ghana": {
    "attack": 0.3,
    "defense": 131.26979295406647
  },
  "Portugal": {
    "attack": 0.3,
    "defense": 14.978249631701308
  },
  "Colombia": {
    "attack": 0.4335351974170074,
    "defense": 7.886344259084867
  },
  "Germany": {
    "attack": 0.3,
    "defense": 0.3
  },
  "Japan": {
    "attack": 0.3,
    "defense": 0.3
  },
  "Netherlands": {
    "attack": 0.3,
    "defense": 0.3
  },
  "Ivory Coast": {
    "attack": 2.0197938633707246,
    "defense": 0.3
  },
  "Switzerland": {
    "attack": 0.6134116079602538,
    "defense": 0.9641183081158283
  },
  "Qatar": {
    "attack": 0.621483652113801,
    "defense": 2.2228094072732785
  }
}