{
  "Mexico": {
    "attack": 0.4455,
    "defense": 34.813226287251354
  },
  "South Africa": {
    "attack": 0.3,
    "defense": 0.3045
  },
  "South Korea": {
    "attack": 0.3,
    "defense": 23.516459929603357
  },
  "Czechia": {
    "attack": 0.3,
    "defense": 0.3
  },
  "USA": {
    "attack": 1.0,
    "defense": 1.0
  },
  "Paraguay": {
    "attack": 0.6552748547599583,
    "defense": 11.622287141028648
  },
  "Australia": {
    "attack": 0.3,
    "defense": 7.801922205151894
  },
  "Turkey": {
    "attack": 0.3,
    "defense": 0.3
  },
  "Brazil": {
    "attack": 1.1152708113095944,
    "defense": 2.793182534923879
  },
  "Morocco": {
    "attack": 1.4724205006514834,
    "defense": 2.156197223477875
  },
  "Croatia": {
    "attack": 0.3,
    "defense": 0.3
  },
  "Belgium": {
    "attack": 1.0,
    "defense": 1.0
  },
  "France": {
    "attack": 5.932894032459789,
    "defense": 1.0
  },
  "Senegal": {
    "attack": 1.0,
    "defense": 0.3
  },
  "Argentina": {
    "attack": 5.879912590198057,
    "defense": 3.083281144688208
  },
  "Algeria": {
    "attack": 0.3,
    "defense": 0.3
  },
  "Spain": {
    "attack": 6.172407221556972,
    "defense": 2.3235837166130926
  },
  "Saudi Arabia": {
    "attack": 0.3,
    "defense": 0.3
  },
  "England": {
    "attack": 0.3,
    "defense": 0.3158579095126061
  },
  "Ghana": {
    "attack": 1.075716017124553,
    "defense": 18.114119807558296
  },
  "Portugal": {
    "attack": 0.4216352465975698,
    "defense": 1.6219859059633996
  },
  "Colombia": {
    "attack": 0.37801409403659997,
    "defense": 1.57836475340243
  },
  "Germany": {
    "attack": 0.45437972571853447,
    "defense": 0.3
  },
  "Japan": {
    "attack": 3.001843909223019,
    "defense": 0.3
  },
  "Netherlands": {
    "attack": 3.5240822386724613,
    "defense": 0.3
  },
  "Ivory Coast": {
    "attack": 1.103999742763865,
    "defense": 0.3
  },
  "Switzerland": {
    "attack": 1.0,
    "defense": 1.2501536566219638
  },
  "Qatar": {
    "attack": 0.7498463433780373,
    "defense": 1.0
  }
}