{
  "Mexico": {
    "attack": 0.53803898875,
    "defense": 475.9482840480956
  },
  "South Africa": {
    "attack": 0.3,
    "defense": 0.3045
  },
  "South Korea": {
    "attack": 0.3,
    "defense": 354.40351132448666
  },
  "Czechia": {
    "attack": 0.3,
    "defense": 0.3
  },
  "USA": {
    "attack": 1.0,
    "defense": 1.0
  },
  "Paraguay": {
    "attack": 0.3,
    "defense": 255.27247955573944
  },
  "Australia": {
    "attack": 0.3,
    "defense": 50.119065989749224
  },
  "Turkey": {
    "attack": 0.3,
    "defense": 0.3
  },
  "Brazil": {
    "attack": 0.39505,
    "defense": 29.757236519811567
  },
  "Morocco": {
    "attack": 0.3,
    "defense": 20.5091508049105
  },
  "Croatia": {
    "attack": 0.3,
    "defense": 0.3
  },
  "Belgium": {
    "attack": 0.6782387401777477,
    "defense": 0.3
  },
  "France": {
    "attack": 0.3,
    "defense": 9.52911804672146
  },
  "Senegal": {
    "attack": 0.39549999999999996,
    "defense": 0.3
  },
  "Argentina": {
    "attack": 7.520772280824335,
    "defense": 5.848613788286326
  },
  "Algeria": {
    "attack": 0.3,
    "defense": 0.3
  },
  "Spain": {
    "attack": 0.39505,
    "defense": 11.511667366886407
  },
  "Saudi Arabia": {
    "attack": 0.3,
    "defense": 0.3
  },
  "England": {
    "attack": 0.3,
    "defense": 0.3
  },
  "Ghana": {
    "attack": 0.3,
    "defense": 218.81670895437458
  },
  "Portugal": {
    "attack": 0.3,
    "defense": 24.158813647304534
  },
  "Colombia": {
    "attack": 0.4454325,
    "defense": 11.173873572646823
  },
  "Germany": {
    "attack": 0.3,
    "defense": 0.3
  },
  "Japan": {
    "attack": 0.3,
    "defense": 0.3
  },
  "Netherlands": {
    "attack": 0.3,
    "defense": 0.3
  },
  "Ivory Coast": {
    "attack": 2.16938696065092,
    "defense": 0.3
  },
  "Switzerland": {
    "attack": 0.40334113844258507,
    "defense": 0.3
  },
  "Qatar": {
    "attack": 0.8620697010593974,
    "defense": 2.28604476876627
  }
}