{
  "Mexico": {
    "attack": 0.4455,
    "defense": 33.007965071388654
  },
  "South Africa": {
    "attack": 0.3,
    "defense": 0.3045
  },
  "South Korea": {
    "attack": 0.3,
    "defense": 22.227433631272454
  },
  "Czechia": {
    "attack": 0.3,
    "defense": 0.3
  },
  "USA": {
    "attack": 1.0,
    "defense": 1.0
  },
  "Paraguay": {
    "attack": 0.6610532028458791,
    "defense": 10.993060397190927
  },
  "Australia": {
    "attack": 0.3,
    "defense": 7.4012131560635455
  },
  "Turkey": {
    "attack": 0.3,
    "defense": 0.3
  },
  "Brazil": {
    "attack": 1.093502677955351,
    "defense": 2.3211008929152186
  },
  "Morocco": {
    "attack": 1.4048357367373525,
    "defense": 1.8489185055540702
  },
  "Croatia": {
    "attack": 0.3,
    "defense": 0.3
  },
  "Belgium": {
    "attack": 1.0,
    "defense": 1.0
  },
  "France": {
    "attack": 5.879912590198057,
    "defense": 1.0
  },
  "Senegal": {
    "attack": 1.0,
    "defense": 0.3
  },
  "Argentina": {
    "attack": 5.826042287949218,
    "defense": 3.0377154134859192
  },
  "Algeria": {
    "attack": 0.3,
    "defense": 0.3
  },
  "Spain": {
    "attack": 6.0726052074803984,
    "defense": 2.2892450409981207
  },
  "Saudi Arabia": {
    "attack": 0.3,
    "defense": 0.3
  },
  "England": {
    "attack": 0.3,
    "defense": 0.3155715524879344
  },
  "Ghana": {
    "attack": 1.0571939675070763,
    "defense": 17.3540640992574
  },
  "Portugal": {
    "attack": 0.4568866405361652,
    "defense": 1.585863914938915
  },
  "Colombia": {
    "attack": 0.41413608506108457,
    "defense": 1.5431133594638347
  },
  "Germany": {
    "attack": 0.5912534117807984,
    "defense": 0.3
  },
  "Japan": {
    "attack": 3.3105454589692034,
    "defense": 0.3
  },
  "Netherlands": {
    "attack": 3.731735742809674,
    "defense": 0.3
  },
  "Ivory Coast": {
    "attack": 1.0700505002678833,
    "defense": 0.3
  },
  "Switzerland": {
    "attack": 1.0,
    "defense": 1.2485514365351669
  },
  "Qatar": {
    "attack": 0.7514485634648342,
    "defense": 1.0
  }
}