{
  "Mexico": {
    "attack": 0.4455,
    "defense": 26.675751507361483
  },
  "South Africa": {
    "attack": 0.3,
    "defense": 0.3045
  },
  "South Korea": {
    "attack": 0.3,
    "defense": 17.81042793969929
  },
  "Czechia": {
    "attack": 0.3,
    "defense": 0.3
  },
  "USA": {
    "attack": 1.0,
    "defense": 1.0
  },
  "Paraguay": {
    "attack": 0.3,
    "defense": 6.967303834892718
  },
  "Australia": {
    "attack": 0.3,
    "defense": 6.1713628650590175
  },
  "Turkey": {
    "attack": 0.3,
    "defense": 0.3
  },
  "Brazil": {
    "attack": 0.8458034448522291,
    "defense": 1.1659564128379918
  },
  "Morocco": {
    "attack": 1.0,
    "defense": 1.2416843468711456
  },
  "Croatia": {
    "attack": 0.3,
    "defense": 0.3
  },
  "Belgium": {
    "attack": 1.0,
    "defense": 1.0
  },
  "France": {
    "attack": 5.658947843765287,
    "defense": 1.0
  },
  "Senegal": {
    "attack": 1.0,
    "defense": 0.3
  },
  "Argentina": {
    "attack": 5.60137045629414,
    "defense": 2.862087558685348
  },
  "Algeria": {
    "attack": 0.3,
    "defense": 0.3
  },
  "Spain": {
    "attack": 5.656370280824992,
    "defense": 2.1568905768905138
  },
  "Saudi Arabia": {
    "attack": 0.3,
    "defense": 0.3
  },
  "England": {
    "attack": 0.3,
    "defense": 0.3143355064291685
  },
  "Ghana": {
    "attack": 0.9772444483493364,
    "defense": 14.656147246901503
  },
  "Portugal": {
    "attack": 0.6167827410316066,
    "defense": 1.4178540362773475
  },
  "Colombia": {
    "attack": 0.582145963722652,
    "defense": 1.3832172589683933
  },
  "Germany": {
    "attack": 3.0628237185336395,
    "defense": 1.0
  },
  "Japan": {
    "attack": 4.153171843921841,
    "defense": 0.3
  },
  "Netherlands": {
    "attack": 4.115543529888139,
    "defense": 0.3
  },
  "Ivory Coast": {
    "attack": 1.0,
    "defense": 0.3
  },
  "Switzerland": {
    "attack": 1.0,
    "defense": 1.2416843468711456
  },
  "Qatar": {
    "attack": 0.7583156531288553,
    "defense": 1.0
  }
}