{
  "Mexico": {
    "attack": 0.4455,
    "defense": 23.980907794450367
  },
  "South Africa": {
    "attack": 0.3,
    "defense": 0.3045
  },
  "South Korea": {
    "attack": 0.3,
    "defense": 15.985185594119253
  },
  "Czechia": {
    "attack": 0.3,
    "defense": 0.3
  },
  "USA": {
    "attack": 1.0,
    "defense": 1.0
  },
  "Paraguay": {
    "attack": 0.3,
    "defense": 6.427953569676543
  },
  "Australia": {
    "attack": 0.42955204005522796,
    "defense": 5.768972907477449
  },
  "Turkey": {
    "attack": 0.3,
    "defense": 0.3
  },
  "Brazil": {
    "attack": 0.7620372096432713,
    "defense": 1.0
  },
  "Morocco": {
    "attack": 1.0,
    "defense": 1.2379627903567296
  },
  "Croatia": {
    "attack": 0.3,
    "defense": 0.3
  },
  "Belgium": {
    "attack": 1.0,
    "defense": 1.0
  },
  "France": {
    "attack": 5.5428271035019225,
    "defense": 1.0
  },
  "Senegal": {
    "attack": 1.0,
    "defense": 0.3
  },
  "Argentina": {
    "attack": 5.483301579564741,
    "defense": 2.7781189144947445
  },
  "Algeria": {
    "attack": 0.3,
    "defense": 0.3
  },
  "Spain": {
    "attack": 5.437631732767059,
    "defense": 2.093611179005085
  },
  "Saudi Arabia": {
    "attack": 0.3,
    "defense": 0.3
  },
  "England": {
    "attack": 0.3,
    "defense": 0.3136591293205725
  },
  "Ghana": {
    "attack": 0.9334952496701653,
    "defense": 13.490742381633863
  },
  "Portugal": {
    "attack": 0.7067378438157118,
    "defense": 1.3210695279452052
  },
  "Colombia": {
    "attack": 0.6789304720547945,
    "defense": 1.293262156184288
  },
  "Germany": {
    "attack": 2.9613934634573043,
    "defense": 1.0
  },
  "Japan": {
    "attack": 4.247085219160332,
    "defense": 0.3
  },
  "Netherlands": {
    "attack": 4.049732151302944,
    "defense": 0.3
  },
  "Ivory Coast": {
    "attack": 1.0,
    "defense": 0.3
  },
  "Switzerland": {
    "attack": 1.0,
    "defense": 1.2379627903567296
  },
  "Qatar": {
    "attack": 0.7620372096432713,
    "defense": 1.0
  }
}