{
  "Mexico": {
    "attack": 2.044616453050387,
    "defense": 4.537936798538391
  },
  "South Africa": {
    "attack": 0.3455,
    "defense": 0.3
  },
  "South Korea": {
    "attack": 1.0472975404779918,
    "defense": 2.273266223228553
  },
  "Czechia": {
    "attack": 1.0800289430993137,
    "defense": 0.3
  },
  "USA": {
    "attack": 1.0,
    "defense": 1.0
  },
  "Paraguay": {
    "attack": 1.069475,
    "defense": 1.03327225
  },
  "Australia": {
    "attack": 2.636042879470887,
    "defense": 2.002155948768746
  },
  "Turkey": {
    "attack": 0.3,
    "defense": 0.3
  },
  "Brazil": {
    "attack": 0.864788125080388,
    "defense": 1.0
  },
  "Morocco": {
    "attack": 1.0,
    "defense": 1.1352118749196118
  },
  "Croatia": {
    "attack": 1.6710644076421124,
    "defense": 0.3
  },
  "Belgium": {
    "attack": 1.0,
    "defense": 1.0
  },
  "France": {
    "attack": 2.739195631714278,
    "defense": 1.0
  },
  "Senegal": {
    "attack": 1.0,
    "defense": 0.3
  },
  "Argentina": {
    "attack": 2.6326340942697284,
    "defense": 1.642934322307192
  },
  "Algeria": {
    "attack": 0.35706567769280795,
    "defense": 0.3
  },
  "Spain": {
    "attack": 1.0,
    "defense": 1.0
  },
  "Saudi Arabia": {
    "attack": 1.0,
    "defense": 1.0
  },
  "England": {
    "attack": 2.9000430274841573,
    "defense": 0.3289355923578873
  },
  "Ghana": {
    "attack": 1.0,
    "defense": 1.0
  },
  "Portugal": {
    "attack": 1.0,
    "defense": 1.0
  },
  "Colombia": {
    "attack": 1.0,
    "defense": 1.0
  },
  "Germany": {
    "attack": 1.0,
    "defense": 1.0
  },
  "Japan": {
    "attack": 2.560163345378486,
    "defense": 0.3
  },
  "Netherlands": {
    "attack": 2.460775245028414,
    "defense": 0.3
  },
  "Ivory Coast": {
    "attack": 1.0,
    "defense": 1.0
  },
  "Switzerland": {
    "attack": 1.0,
    "defense": 1.1352118749196118
  },
  "Qatar": {
    "attack": 0.864788125080388,
    "defense": 1.0
  }
}