{
  "Mexico": {
    "attack": 2.511677890074438,
    "defense": 3.0677288541714898
  },
  "South Africa": {
    "attack": 0.36287000729076807,
    "defense": 0.3
  },
  "South Korea": {
    "attack": 1.9688479420652414,
    "defense": 1.3844571590498604
  },
  "Czechia": {
    "attack": 1.1286352157354884,
    "defense": 0.3
  },
  "USA": {
    "attack": 1.0,
    "defense": 1.0
  },
  "Paraguay": {
    "attack": 1.0,
    "defense": 1.0
  },
  "Australia": {
    "attack": 2.4003815404457693,
    "defense": 1.8863997615046662
  },
  "Turkey": {
    "attack": 0.3,
    "defense": 0.3
  },
  "Brazil": {
    "attack": 0.8813495512553968,
    "defense": 1.0
  },
  "Morocco": {
    "attack": 1.0,
    "defense": 1.118650448744603
  },
  "Croatia": {
    "attack": 1.418272030739052,
    "defense": 0.3
  },
  "Belgium": {
    "attack": 1.0,
    "defense": 1.0
  },
  "France": {
    "attack": 2.302102426033799,
    "defense": 1.0
  },
  "Senegal": {
    "attack": 1.0,
    "defense": 0.3
  },
  "Argentina": {
    "attack": 2.188207855652058,
    "defense": 1.5059106381536882
  },
  "Algeria": {
    "attack": 0.4940893618463116,
    "defense": 0.3
  },
  "Spain": {
    "attack": 1.0,
    "defense": 1.0
  },
  "Saudi Arabia": {
    "attack": 1.0,
    "defense": 1.0
  },
  "England": {
    "attack": 2.265488212442131,
    "defense": 0.5817279692609477
  },
  "Ghana": {
    "attack": 1.0,
    "defense": 1.0
  },
  "Portugal": {
    "attack": 1.0,
    "defense": 1.0
  },
  "Colombia": {
    "attack": 1.0,
    "defense": 1.0
  },
  "Germany": {
    "attack": 1.0,
    "defense": 1.0
  },
  "Japan": {
    "attack": 2.3042488697993617,
    "defense": 0.3
  },
  "Netherlands": {
    "attack": 2.213052862525399,
    "defense": 0.3
  },
  "Ivory Coast": {
    "attack": 1.0,
    "defense": 1.0
  },
  "Switzerland": {
    "attack": 1.0,
    "defense": 1.118650448744603
  },
  "Qatar": {
    "attack": 0.8813495512553968,
    "defense": 1.0
  }
}