{
  "Mexico": {
    "attack": 0.4455,
    "defense": 16.519122183643365
  },
  "South Africa": {
    "attack": 0.3,
    "defense": 0.3045
  },
  "South Korea": {
    "attack": 0.3,
    "defense": 11.135396158450089
  },
  "Czechia": {
    "attack": 0.3,
    "defense": 0.3
  },
  "USA": {
    "attack": 1.0,
    "defense": 1.0
  },
  "Paraguay": {
    "attack": 0.5553085953447875,
    "defense": 3.8140280871030194
  },
  "Australia": {
    "attack": 1.891313696615134,
    "defense": 4.444811269977074
  },
  "Turkey": {
    "attack": 0.3,
    "defense": 0.3
  },
  "Brazil": {
    "attack": 0.7766994062160629,
    "defense": 1.0
  },
  "Morocco": {
    "attack": 1.0,
    "defense": 1.2233005937839379
  },
  "Croatia": {
    "attack": 3.3674236325405467,
    "defense": 0.3
  },
  "Belgium": {
    "attack": 1.0,
    "defense": 1.0
  },
  "France": {
    "attack": 5.104580477408182,
    "defense": 1.0
  },
  "Senegal": {
    "attack": 1.0,
    "defense": 0.3
  },
  "Argentina": {
    "attack": 5.0377025698100475,
    "defense": 2.50315956959349
  },
  "Algeria": {
    "attack": 0.3,
    "defense": 0.3
  },
  "Spain": {
    "attack": 4.612099356159605,
    "defense": 1.8863997615046662
  },
  "Saudi Arabia": {
    "attack": 0.3,
    "defense": 0.3
  },
  "England": {
    "attack": 0.40003292408179236,
    "defense": 0.3121394353347529
  },
  "Ghana": {
    "attack": 0.7971562536487745,
    "defense": 7.665614210421779
  },
  "Portugal": {
    "attack": 1.0,
    "defense": 1.0
  },
  "Colombia": {
    "attack": 1.0,
    "defense": 1.0
  },
  "Germany": {
    "attack": 2.5785896080029356,
    "defense": 1.0
  },
  "Japan": {
    "attack": 3.977073254478011,
    "defense": 0.3
  },
  "Netherlands": {
    "attack": 3.801356068286886,
    "defense": 0.3
  },
  "Ivory Coast": {
    "attack": 1.0,
    "defense": 0.3
  },
  "Switzerland": {
    "attack": 1.0,
    "defense": 1.2233005937839379
  },
  "Qatar": {
    "attack": 0.7766994062160629,
    "defense": 1.0
  }
}