{
  "Mexico": {
    "attack": 0.53803898875,
    "defense": 444.7388328293828
  },
  "South Africa": {
    "attack": 0.3,
    "defense": 0.3045
  },
  "South Korea": {
    "attack": 0.3,
    "defense": 331.340070205243
  },
  "Czechia": {
    "attack": 0.3,
    "defense": 0.3
  },
  "USA": {
    "attack": 1.0,
    "defense": 1.0
  },
  "Paraguay": {
    "attack": 0.3,
    "defense": 236.01583680858556
  },
  "Australia": {
    "attack": 0.3,
    "defense": 48.45757506746447
  },
  "Turkey": {
    "attack": 0.3,
    "defense": 0.3
  },
  "Brazil": {
    "attack": 0.39505,
    "defense": 28.84653056720743
  },
  "Morocco": {
    "attack": 0.3,
    "defense": 19.614105484926576
  },
  "Croatia": {
    "attack": 0.3,
    "defense": 0.3
  },
  "Belgium": {
    "attack": 1.2393155301857026,
    "defense": 0.3
  },
  "France": {
    "attack": 0.3,
    "defense": 8.897224829748712
  },
  "Senegal": {
    "attack": 0.40609930505833675,
    "defense": 0.3
  },
  "Argentina": {
    "attack": 7.4944303821294715,
    "defense": 5.762181072203277
  },
  "Algeria": {
    "attack": 0.3,
    "defense": 0.3
  },
  "Spain": {
    "attack": 0.39505,
    "defense": 10.434406275478048
  },
  "Saudi Arabia": {
    "attack": 0.3,
    "defense": 0.3
  },
  "England": {
    "attack": 0.3,
    "defense": 0.3
  },
  "Ghana": {
    "attack": 0.3,
    "defense": 205.239774347073
  },
  "Portugal": {
    "attack": 0.3,
    "defense": 22.663293746016645
  },
  "Colombia": {
    "attack": 0.4454325,
    "defense": 10.709786236697921
  },
  "Germany": {
    "attack": 0.3,
    "defense": 0.3
  },
  "Japan": {
    "attack": 0.3,
    "defense": 0.3
  },
  "Netherlands": {
    "attack": 0.3,
    "defense": 0.3
  },
  "Ivory Coast": {
    "attack": 2.1516618889857053,
    "defense": 0.3
  },
  "Switzerland": {
    "attack": 0.42458601926342354,
    "defense": 0.3
  },
  "Qatar": {
    "attack": 0.8256936462220614,
    "defense": 2.287483101555187
  }
}