{
  "Mexico": {
    "attack": 0.53803898875,
    "defense": 2941.276166864345
  },
  "South Africa": {
    "attack": 0.3,
    "defense": 0.3045
  },
  "South Korea": {
    "attack": 0.3,
    "defense": 2184.0038331666815
  },
  "Czechia": {
    "attack": 0.3,
    "defense": 0.3
  },
  "USA": {
    "attack": 1.0,
    "defense": 1.0
  },
  "Paraguay": {
    "attack": 0.3,
    "defense": 2156.429860535249
  },
  "Australia": {
    "attack": 0.3,
    "defense": 124.54257652126621
  },
  "Turkey": {
    "attack": 0.3,
    "defense": 0.3
  },
  "Brazil": {
    "attack": 0.39505,
    "defense": 71.04954438735484
  },
  "Morocco": {
    "attack": 0.3,
    "defense": 82.10522110561186
  },
  "Croatia": {
    "attack": 0.3,
    "defense": 0.3
  },
  "Belgium": {
    "attack": 0.3,
    "defense": 0.3
  },
  "France": {
    "attack": 0.3,
    "defense": 84.49654126213214
  },
  "Senegal": {
    "attack": 0.39549999999999996,
    "defense": 0.3
  },
  "Argentina": {
    "attack": 8.22265446149508,
    "defense": 12.54009700536157
  },
  "Algeria": {
    "attack": 0.3,
    "defense": 0.3
  },
  "Spain": {
    "attack": 0.3,
    "defense": 68.82112728904605
  },
  "Saudi Arabia": {
    "attack": 0.3,
    "defense": 0.3
  },
  "England": {
    "attack": 0.3,
    "defense": 0.323695245606524
  },
  "Ghana": {
    "attack": 0.3,
    "defense": 1245.9499783282097
  },
  "Portugal": {
    "attack": 0.3,
    "defense": 135.31641541421942
  },
  "Colombia": {
    "attack": 0.4454325,
    "defense": 37.11712255870269
  },
  "Germany": {
    "attack": 0.3,
    "defense": 0.3
  },
  "Japan": {
    "attack": 0.3,
    "defense": 0.3
  },
  "Netherlands": {
    "attack": 0.3,
    "defense": 0.3
  },
  "Ivory Coast": {
    "attack": 2.5593863805540886,
    "defense": 0.3
  },
  "Switzerland": {
    "attack": 0.3,
    "defense": 0.3
  },
  "Qatar": {
    "attack": 1.6466925249153004,
    "defense": 1.799588600762859
  }
}