{
  "Mexico": {
    "attack": 1.5494284285805733,
    "defense": 5.50122379304453
  },
  "South Africa": {
    "attack": 0.3455,
    "defense": 0.3
  },
  "South Korea": {
    "attack": 0.5929878376596108,
    "defense": 3.2246559294761696
  },
  "Czechia": {
    "attack": 0.9332907859968423,
    "defense": 0.3
  },
  "USA": {
    "attack": 1.0,
    "defense": 1.0
  },
  "Paraguay": {
    "attack": 1.1698281611468748,
    "defense": 1.0852677930732937
  },
  "Australia": {
    "attack": 2.802777128524766,
    "defense": 2.093611179005085
  },
  "Turkey": {
    "attack": 0.3,
    "defense": 0.3
  },
  "Brazil": {
    "attack": 0.8529863681017297,
    "defense": 1.0
  },
  "Morocco": {
    "attack": 1.0,
    "defense": 1.1470136318982704
  },
  "Croatia": {
    "attack": 1.8901656618896563,
    "defense": 0.3
  },
  "Belgium": {
    "attack": 1.0,
    "defense": 1.0
  },
  "France": {
    "attack": 3.0484462186674466,
    "defense": 1.0
  },
  "Senegal": {
    "attack": 1.0,
    "defense": 0.3
  },
  "Argentina": {
    "attack": 2.947072921878441,
    "defense": 1.7251921738516667
  },
  "Algeria": {
    "attack": 0.3,
    "defense": 0.3
  },
  "Spain": {
    "attack": 1.0,
    "defense": 1.0
  },
  "Saudi Arabia": {
    "attack": 1.0,
    "defense": 1.0
  },
  "England": {
    "attack": 3.3490009304106043,
    "defense": 0.3
  },
  "Ghana": {
    "attack": 1.0,
    "defense": 1.0
  },
  "Portugal": {
    "attack": 1.0,
    "defense": 1.0
  },
  "Colombia": {
    "attack": 1.0,
    "defense": 1.0
  },
  "Germany": {
    "attack": 1.090111375,
    "defense": 1.0
  },
  "Japan": {
    "attack": 2.742197964543294,
    "defense": 0.3
  },
  "Netherlands": {
    "attack": 2.636042879470887,
    "defense": 0.3
  },
  "Ivory Coast": {
    "attack": 1.0,
    "defense": 0.909888625
  },
  "Switzerland": {
    "attack": 1.0,
    "defense": 1.1470136318982704
  },
  "Qatar": {
    "attack": 0.8529863681017297,
    "defense": 1.0
  }
}