{
  "Mexico": {
    "attack": 2.4003815404457693,
    "defense": 1.8863997615046662
  },
  "South Africa": {
    "attack": 0.3,
    "defense": 0.3
  },
  "South Korea": {
    "attack": 2.4003815404457693,
    "defense": 1.0
  },
  "Czechia": {
    "attack": 1.0,
    "defense": 0.3
  },
  "USA": {
    "attack": 1.0,
    "defense": 1.0
  },
  "Paraguay": {
    "attack": 1.0,
    "defense": 1.0
  },
  "Australia": {
    "attack": 1.8792917768733575,
    "defense": 1.6722660951671615
  },
  "Turkey": {
    "attack": 0.3277339048328384,
    "defense": 0.3
  },
  "Brazil": {
    "attack": 0.9170036862717087,
    "defense": 1.0
  },
  "Morocco": {
    "attack": 1.0,
    "defense": 1.0829963137282912
  },
  "Croatia": {
    "attack": 1.0,
    "defense": 1.0
  },
  "Belgium": {
    "attack": 1.0,
    "defense": 1.0
  },
  "France": {
    "attack": 1.3870381118528374,
    "defense": 1.0
  },
  "Senegal": {
    "attack": 1.0,
    "defense": 0.6129618881471625
  },
  "Argentina": {
    "attack": 1.2874922627888477,
    "defense": 1.14937624921875
  },
  "Algeria": {
    "attack": 0.85062375078125,
    "defense": 0.7125077372111523
  },
  "Spain": {
    "attack": 1.0,
    "defense": 1.0
  },
  "Saudi Arabia": {
    "attack": 1.0,
    "defense": 1.0
  },
  "England": {
    "attack": 1.0,
    "defense": 1.0
  },
  "Ghana": {
    "attack": 1.0,
    "defense": 1.0
  },
  "Portugal": {
    "attack": 1.0,
    "defense": 1.0
  },
  "Colombia": {
    "attack": 1.0,
    "defense": 1.0
  },
  "Germany": {
    "attack": 1.0,
    "defense": 1.0
  },
  "Japan": {
    "attack": 1.7435807796023153,
    "defense": 0.3317444939334848
  },
  "Netherlands": {
    "attack": 1.6682555060665154,
    "defense": 0.3
  },
  "Ivory Coast": {
    "attack": 1.0,
    "defense": 1.0
  },
  "Switzerland": {
    "attack": 1.0,
    "defense": 1.0829963137282912
  },
  "Qatar": {
    "attack": 0.9170036862717087,
    "defense": 1.0
  }
}