{
  "Mexico": {
    "attack": 0.53803898875,
    "defense": 2397.907055021118
  },
  "South Africa": {
    "attack": 0.3,
    "defense": 0.3045
  },
  "South Korea": {
    "attack": 0.3,
    "defense": 1782.8494625360058
  },
  "Czechia": {
    "attack": 0.3,
    "defense": 0.3
  },
  "USA": {
    "attack": 1.0,
    "defense": 1.0
  },
  "Paraguay": {
    "attack": 0.3,
    "defense": 1699.8691951902658
  },
  "Australia": {
    "attack": 0.3,
    "defense": 112.56256238735662
  },
  "Turkey": {
    "attack": 0.3,
    "defense": 0.3
  },
  "Brazil": {
    "attack": 0.39505,
    "defense": 64.35221114394045
  },
  "Morocco": {
    "attack": 0.3,
    "defense": 69.52472030280273
  },
  "Croatia": {
    "attack": 0.3,
    "defense": 0.3
  },
  "Belgium": {
    "attack": 0.3,
    "defense": 0.3
  },
  "France": {
    "attack": 0.3,
    "defense": 64.27531811121477
  },
  "Senegal": {
    "attack": 0.39549999999999996,
    "defense": 0.3
  },
  "Argentina": {
    "attack": 8.20727504872231,
    "defense": 11.194996763132838
  },
  "Algeria": {
    "attack": 0.3,
    "defense": 0.3
  },
  "Spain": {
    "attack": 0.3,
    "defense": 55.12631551626521
  },
  "Saudi Arabia": {
    "attack": 0.3,
    "defense": 0.3
  },
  "England": {
    "attack": 0.3,
    "defense": 0.32346104135110115
  },
  "Ghana": {
    "attack": 0.3,
    "defense": 1026.4439864766482
  },
  "Portugal": {
    "attack": 0.3,
    "defense": 112.09852939666182
  },
  "Colombia": {
    "attack": 0.4454325,
    "defense": 32.03876420317075
  },
  "Germany": {
    "attack": 0.3,
    "defense": 0.3
  },
  "Japan": {
    "attack": 0.3,
    "defense": 0.3
  },
  "Netherlands": {
    "attack": 0.3,
    "defense": 0.3
  },
  "Ivory Coast": {
    "attack": 2.5234872182734196,
    "defense": 0.3
  },
  "Switzerland": {
    "attack": 0.3,
    "defense": 0.3
  },
  "Qatar": {
    "attack": 1.5758799489917699,
    "defense": 1.8665871815154051
  }
}