{
  "Mexico": {
    "attack": 0.4455,
    "defense": 69.56264046825396
  },
  "South Africa": {
    "attack": 0.3,
    "defense": 0.3045
  },
  "South Korea": {
    "attack": 0.3,
    "defense": 50.265148658427
  },
  "Czechia": {
    "attack": 0.3,
    "defense": 0.3
  },
  "USA": {
    "attack": 1.0,
    "defense": 1.0
  },
  "Paraguay": {
    "attack": 0.5455,
    "defense": 21.15375629290019
  },
  "Australia": {
    "attack": 0.3,
    "defense": 14.547051699003132
  },
  "Turkey": {
    "attack": 0.3,
    "defense": 0.3
  },
  "Brazil": {
    "attack": 0.39505,
    "defense": 10.034012270173534
  },
  "Morocco": {
    "attack": 0.5420565807058242,
    "defense": 7.925164945361111
  },
  "Croatia": {
    "attack": 0.32140012345479824,
    "defense": 0.3
  },
  "Belgium": {
    "attack": 2.240114217857772,
    "defense": 0.4466475590554275
  },
  "France": {
    "attack": 6.547120987858577,
    "defense": 1.1227117078839843
  },
  "Senegal": {
    "attack": 1.4306407330605884,
    "defense": 0.3
  },
  "Argentina": {
    "attack": 6.504444319124125,
    "defense": 3.7417233687786537
  },
  "Algeria": {
    "attack": 0.3,
    "defense": 0.3
  },
  "Spain": {
    "attack": 7.329436638500533,
    "defense": 2.8197906982121657
  },
  "Saudi Arabia": {
    "attack": 0.3,
    "defense": 0.3
  },
  "England": {
    "attack": 0.3,
    "defense": 0.31888993258787063
  },
  "Ghana": {
    "attack": 1.1420916696241301,
    "defense": 32.87680111150468
  },
  "Portugal": {
    "attack": 0.6216071609017833,
    "defense": 1.8852583128919869
  },
  "Colombia": {
    "attack": 0.3,
    "defense": 2.169956978026565
  },
  "Germany": {
    "attack": 0.3,
    "defense": 0.3
  },
  "Japan": {
    "attack": 0.3,
    "defense": 0.3
  },
  "Netherlands": {
    "attack": 0.5482788275175385,
    "defense": 0.3
  },
  "Ivory Coast": {
    "attack": 1.50166829358304,
    "defense": 0.3
  },
  "Switzerland": {
    "attack": 1.3636312677555926,
    "defense": 1.3728467080320736
  },
  "Qatar": {
    "attack": 0.7251482521376735,
    "defense": 1.0416744980567512
  }
}