{
  "Mexico": {
    "attack": 0.32405586338906217,
    "defense": 9.484591653169737
  },
  "South Africa": {
    "attack": 0.3455,
    "defense": 0.3
  },
  "South Korea": {
    "attack": 0.3,
    "defense": 6.8891968660008835
  },
  "Czechia": {
    "attack": 0.34504999999999997,
    "defense": 0.3
  },
  "USA": {
    "attack": 1.0,
    "defense": 1.0
  },
  "Paraguay": {
    "attack": 1.5824179243892682,
    "defense": 1.3647096940131456
  },
  "Australia": {
    "attack": 3.47971677051588,
    "defense": 2.578817567584453
  },
  "Turkey": {
    "attack": 0.3,
    "defense": 0.3
  },
  "Brazil": {
    "attack": 0.8054226795418984,
    "defense": 1.0
  },
  "Morocco": {
    "attack": 1.0,
    "defense": 1.194577320458102
  },
  "Croatia": {
    "attack": 2.7952141672147195,
    "defense": 0.3
  },
  "Belgium": {
    "attack": 1.0,
    "defense": 1.0
  },
  "France": {
    "attack": 4.304000988041624,
    "defense": 1.0
  },
  "Senegal": {
    "attack": 1.0,
    "defense": 0.3
  },
  "Argentina": {
    "attack": 4.223691904465301,
    "defense": 2.1250153466901613
  },
  "Algeria": {
    "attack": 0.3,
    "defense": 0.3
  },
  "Spain": {
    "attack": 3.1040346063842352,
    "defense": 1.57836475340243
  },
  "Saudi Arabia": {
    "attack": 0.4216352465975698,
    "defense": 0.3
  },
  "England": {
    "attack": 3.759848722782781,
    "defense": 0.31433507437499997
  },
  "Ghana": {
    "attack": 0.941336550625,
    "defense": 2.4419245583403204
  },
  "Portugal": {
    "attack": 1.0,
    "defense": 1.0
  },
  "Colombia": {
    "attack": 1.0,
    "defense": 1.0
  },
  "Germany": {
    "attack": 1.8792917768733575,
    "defense": 1.0
  },
  "Japan": {
    "attack": 3.4906110644874424,
    "defense": 0.3
  },
  "Netherlands": {
    "attack": 3.3476279940191134,
    "defense": 0.3
  },
  "Ivory Coast": {
    "attack": 1.0,
    "defense": 0.3
  },
  "Switzerland": {
    "attack": 1.0,
    "defense": 1.194577320458102
  },
  "Qatar": {
    "attack": 0.8054226795418984,
    "defense": 1.0
  }
}