{
  "Mexico": {
    "attack": 0.9135711558274333,
    "defense": 6.571490191943074
  },
  "South Africa": {
    "attack": 0.3455,
    "defense": 0.3
  },
  "South Korea": {
    "attack": 0.3011111636691651,
    "defense": 4.593892471597652
  },
  "Czechia": {
    "attack": 0.6661311850316323,
    "defense": 0.3
  },
  "USA": {
    "attack": 1.0,
    "defense": 1.0
  },
  "Paraguay": {
    "attack": 1.2967468372879858,
    "defense": 1.1586878334305728
  },
  "Australia": {
    "attack": 3.0125304713102588,
    "defense": 2.2220825945770297
  },
  "Turkey": {
    "attack": 0.3,
    "defense": 0.3
  },
  "Brazil": {
    "attack": 0.838117886251166,
    "defense": 1.0
  },
  "Morocco": {
    "attack": 1.0,
    "defense": 1.1618821137488342
  },
  "Croatia": {
    "attack": 2.170371686773029,
    "defense": 0.3
  },
  "Belgium": {
    "attack": 1.0,
    "defense": 1.0
  },
  "France": {
    "attack": 3.4374865312599825,
    "defense": 1.0
  },
  "Senegal": {
    "attack": 1.0,
    "defense": 0.3
  },
  "Argentina": {
    "attack": 3.3426400927910347,
    "defense": 1.8310560911496674
  },
  "Algeria": {
    "attack": 0.3,
    "defense": 0.3
  },
  "Spain": {
    "attack": 1.4935278329867165,
    "defense": 1.14937624921875
  },
  "Saudi Arabia": {
    "attack": 0.85062375078125,
    "defense": 0.5064721670132835
  },
  "England": {
    "attack": 3.91379443530327,
    "defense": 0.3
  },
  "Ghana": {
    "attack": 1.0,
    "defense": 1.0
  },
  "Portugal": {
    "attack": 1.0,
    "defense": 1.0
  },
  "Colombia": {
    "attack": 1.0,
    "defense": 1.0
  },
  "Germany": {
    "attack": 1.2762505559762218,
    "defense": 1.0
  },
  "Japan": {
    "attack": 2.972420835574081,
    "defense": 0.3
  },
  "Netherlands": {
    "attack": 2.8565313059041073,
    "defense": 0.3
  },
  "Ivory Coast": {
    "attack": 1.0,
    "defense": 0.7237494440237784
  },
  "Switzerland": {
    "attack": 1.0,
    "defense": 1.1618821137488342
  },
  "Qatar": {
    "attack": 0.838117886251166,
    "defense": 1.0
  }
}