{
  "Mexico": {
    "attack": 0.4455,
    "defense": 19.380435475563633
  },
  "South Africa": {
    "attack": 0.3,
    "defense": 0.3045
  },
  "South Korea": {
    "attack": 0.3,
    "defense": 12.95625803643056
  },
  "Czechia": {
    "attack": 0.3,
    "defense": 0.3
  },
  "USA": {
    "attack": 1.0,
    "defense": 1.0
  },
  "Paraguay": {
    "attack": 0.3,
    "defense": 5.089702449502251
  },
  "Australia": {
    "attack": 1.047446709759492,
    "defense": 5.0411930914909675
  },
  "Turkey": {
    "attack": 0.3,
    "defense": 0.3
  },
  "Brazil": {
    "attack": 0.7700931871891878,
    "defense": 1.0
  },
  "Morocco": {
    "attack": 1.0,
    "defense": 1.229906812810813
  },
  "Croatia": {
    "attack": 1.0508480607619946,
    "defense": 0.3
  },
  "Belgium": {
    "attack": 1.0,
    "defense": 1.0
  },
  "France": {
    "attack": 5.298665816967824,
    "defense": 1.0
  },
  "Senegal": {
    "attack": 1.0,
    "defense": 0.3
  },
  "Argentina": {
    "attack": 5.235044043688687,
    "defense": 2.61749983109822
  },
  "Algeria": {
    "attack": 0.3,
    "defense": 0.3
  },
  "Spain": {
    "attack": 4.977701102052027,
    "defense": 1.972567437210587
  },
  "Saudi Arabia": {
    "attack": 0.3,
    "defense": 0.3
  },
  "England": {
    "attack": 0.3,
    "defense": 0.31217729418455153
  },
  "Ghana": {
    "attack": 0.8376476833471017,
    "defense": 10.892536006427223
  },
  "Portugal": {
    "attack": 0.900125,
    "defense": 1.1098336249999998
  },
  "Colombia": {
    "attack": 0.890166375,
    "defense": 1.099875
  },
  "Germany": {
    "attack": 2.7481211271222836,
    "defense": 1.0
  },
  "Japan": {
    "attack": 4.096298559851039,
    "defense": 0.3
  },
  "Netherlands": {
    "attack": 3.9113538493088305,
    "defense": 0.3
  },
  "Ivory Coast": {
    "attack": 1.0,
    "defense": 0.3
  },
  "Switzerland": {
    "attack": 1.0,
    "defense": 1.229906812810813
  },
  "Qatar": {
    "attack": 0.7700931871891878,
    "defense": 1.0
  }
}