{
  "Mexico": {
    "attack": 0.4455,
    "defense": 50.53856738516961
  },
  "South Africa": {
    "attack": 0.3,
    "defense": 0.3045
  },
  "South Korea": {
    "attack": 0.3,
    "defense": 35.211832248070934
  },
  "Czechia": {
    "attack": 0.3,
    "defense": 0.3
  },
  "USA": {
    "attack": 1.0,
    "defense": 1.0
  },
  "Paraguay": {
    "attack": 0.5455,
    "defense": 15.97492924968354
  },
  "Australia": {
    "attack": 0.3,
    "defense": 10.993524505421801
  },
  "Turkey": {
    "attack": 0.3,
    "defense": 0.3
  },
  "Brazil": {
    "attack": 0.7247214132910165,
    "defense": 7.40539849993056
  },
  "Morocco": {
    "attack": 0.9443370860179572,
    "defense": 5.677163298816039
  },
  "Croatia": {
    "attack": 0.3,
    "defense": 0.3
  },
  "Belgium": {
    "attack": 1.5209282818013126,
    "defense": 0.7971316567693728
  },
  "France": {
    "attack": 6.280078015193007,
    "defense": 1.0151326506115448
  },
  "Senegal": {
    "attack": 1.1877356926190823,
    "defense": 0.3
  },
  "Argentina": {
    "attack": 6.232921215244542,
    "defense": 3.4219638934781855
  },
  "Algeria": {
    "attack": 0.3,
    "defense": 0.3
  },
  "Spain": {
    "attack": 6.826403399326723,
    "defense": 2.578817567584453
  },
  "Saudi Arabia": {
    "attack": 0.3,
    "defense": 0.3
  },
  "England": {
    "attack": 0.3,
    "defense": 0.31763737284304133
  },
  "Ghana": {
    "attack": 1.1908146711093177,
    "defense": 24.60033720517763
  },
  "Portugal": {
    "attack": 0.3,
    "defense": 1.832194599056625
  },
  "Colombia": {
    "attack": 0.3,
    "defense": 1.7773361073063334
  },
  "Germany": {
    "attack": 0.3,
    "defense": 0.3
  },
  "Japan": {
    "attack": 0.7006862366756255,
    "defense": 0.3
  },
  "Netherlands": {
    "attack": 1.3881838677190181,
    "defense": 0.3
  },
  "Ivory Coast": {
    "attack": 1.3278055938616793,
    "defense": 0.3
  },
  "Switzerland": {
    "attack": 1.0,
    "defense": 1.2601907148274396
  },
  "Qatar": {
    "attack": 0.7398092851725616,
    "defense": 1.0
  }
}