{
  "Mexico": {
    "attack": 1.2100582907407227,
    "defense": 6.0592918018154
  },
  "South Africa": {
    "attack": 0.3455,
    "defense": 0.3
  },
  "South Korea": {
    "attack": 0.41202839722245843,
    "defense": 3.9214399820231356
  },
  "Czechia": {
    "attack": 0.8012476941906568,
    "defense": 0.3
  },
  "USA": {
    "attack": 1.0,
    "defense": 1.0
  },
  "Paraguay": {
    "attack": 1.2342465276487267,
    "defense": 1.1213770944013766
  },
  "Australia": {
    "attack": 2.9093985393566895,
    "defense": 2.1568905768905138
  },
  "Turkey": {
    "attack": 0.3,
    "defense": 0.3
  },
  "Brazil": {
    "attack": 0.8454262320881336,
    "defense": 1.0
  },
  "Morocco": {
    "attack": 1.0,
    "defense": 1.1545737679118666
  },
  "Croatia": {
    "attack": 2.0323859793068917,
    "defense": 0.3
  },
  "Belgium": {
    "attack": 1.0,
    "defense": 1.0
  },
  "France": {
    "attack": 3.246202432934453,
    "defense": 1.0
  },
  "Senegal": {
    "attack": 1.0,
    "defense": 0.3
  },
  "Argentina": {
    "attack": 3.1481468560594337,
    "defense": 1.7773361073063334
  },
  "Algeria": {
    "attack": 0.3,
    "defense": 0.3
  },
  "Spain": {
    "attack": 1.195,
    "defense": 1.05
  },
  "Saudi Arabia": {
    "attack": 0.95,
    "defense": 0.8049999999999999
  },
  "England": {
    "attack": 3.6360956652103584,
    "defense": 0.3
  },
  "Ghana": {
    "attack": 1.0,
    "defense": 1.0
  },
  "Portugal": {
    "attack": 1.0,
    "defense": 1.0
  },
  "Colombia": {
    "attack": 1.0,
    "defense": 1.0
  },
  "Germany": {
    "attack": 1.181568656396106,
    "defense": 1.0
  },
  "Japan": {
    "attack": 2.8590490201490177,
    "defense": 0.3
  },
  "Netherlands": {
    "attack": 2.7481211271222836,
    "defense": 0.3
  },
  "Ivory Coast": {
    "attack": 1.0,
    "defense": 0.8184313436038939
  },
  "Switzerland": {
    "attack": 1.0,
    "defense": 1.1545737679118666
  },
  "Qatar": {
    "attack": 0.8454262320881336,
    "defense": 1.0
  }
}