{
  "Mexico": {
    "attack": 0.3650267893822062,
    "defense": 8.813579716882428
  },
  "South Africa": {
    "attack": 0.3455,
    "defense": 0.3
  },
  "South Korea": {
    "attack": 0.3,
    "defense": 6.531442416840521
  },
  "Czechia": {
    "attack": 0.34504999999999997,
    "defense": 0.3
  },
  "USA": {
    "attack": 1.0,
    "defense": 1.0
  },
  "Paraguay": {
    "attack": 1.5286845055417746,
    "defense": 1.320764874904117
  },
  "Australia": {
    "attack": 3.392392132117798,
    "defense": 2.50315956959349
  },
  "Turkey": {
    "attack": 0.3,
    "defense": 0.3
  },
  "Brazil": {
    "attack": 0.8114483309669601,
    "defense": 1.0
  },
  "Morocco": {
    "attack": 1.0,
    "defense": 1.1885516690330404
  },
  "Croatia": {
    "attack": 2.6804681610984433,
    "defense": 0.3
  },
  "Belgium": {
    "attack": 1.0,
    "defense": 1.0
  },
  "France": {
    "attack": 4.142035490051145,
    "defense": 1.0
  },
  "Senegal": {
    "attack": 1.0,
    "defense": 0.3
  },
  "Argentina": {
    "attack": 4.059009140875593,
    "defense": 2.062671112320281
  },
  "Algeria": {
    "attack": 0.3,
    "defense": 0.3
  },
  "Spain": {
    "attack": 2.798937534271489,
    "defense": 1.5059106381536882
  },
  "Saudi Arabia": {
    "attack": 0.4940893618463116,
    "defense": 0.3
  },
  "England": {
    "attack": 4.350805041912488,
    "defense": 0.31477499999999997
  },
  "Ghana": {
    "attack": 0.970225,
    "defense": 1.5901966144840778
  },
  "Portugal": {
    "attack": 1.0,
    "defense": 1.0
  },
  "Colombia": {
    "attack": 1.0,
    "defense": 1.0
  },
  "Germany": {
    "attack": 1.737816604242867,
    "defense": 1.0
  },
  "Japan": {
    "attack": 3.393141863472331,
    "defense": 0.3
  },
  "Netherlands": {
    "attack": 3.255834119110843,
    "defense": 0.3
  },
  "Ivory Coast": {
    "attack": 1.0,
    "defense": 0.3
  },
  "Switzerland": {
    "attack": 1.0,
    "defense": 1.1885516690330404
  },
  "Qatar": {
    "attack": 0.8114483309669601,
    "defense": 1.0
  }
}