{
  "Mexico": {
    "attack": 2.420548110223249,
    "defense": 3.4414056375570716
  },
  "South Africa": {
    "attack": 0.3526025076912006,
    "defense": 0.3
  },
  "South Korea": {
    "attack": 1.7183445072195482,
    "defense": 1.5622716089338606
  },
  "Czechia": {
    "attack": 1.132349480817928,
    "defense": 0.3
  },
  "USA": {
    "attack": 1.0,
    "defense": 1.0
  },
  "Paraguay": {
    "attack": 1.0,
    "defense": 1.0
  },
  "Australia": {
    "attack": 2.460775245028414,
    "defense": 1.9146957579272361
  },
  "Turkey": {
    "attack": 0.3,
    "defense": 0.3
  },
  "Brazil": {
    "attack": 0.8771238373496981,
    "defense": 1.0
  },
  "Morocco": {
    "attack": 1.0,
    "defense": 1.1228761626503017
  },
  "Croatia": {
    "attack": 1.4770196053239806,
    "defense": 0.3
  },
  "Belgium": {
    "attack": 1.0,
    "defense": 1.0
  },
  "France": {
    "attack": 2.414117736004241,
    "defense": 1.0
  },
  "Senegal": {
    "attack": 1.0,
    "defense": 0.3
  },
  "Argentina": {
    "attack": 2.302102426033799,
    "defense": 1.5431133594638347
  },
  "Algeria": {
    "attack": 0.4568866405361652,
    "defense": 0.3
  },
  "Spain": {
    "attack": 1.0,
    "defense": 1.0
  },
  "Saudi Arabia": {
    "attack": 1.0,
    "defense": 1.0
  },
  "England": {
    "attack": 2.428107656936836,
    "defense": 0.5229803946760192
  },
  "Ghana": {
    "attack": 1.0,
    "defense": 1.0
  },
  "Portugal": {
    "attack": 1.0,
    "defense": 1.0
  },
  "Colombia": {
    "attack": 1.0,
    "defense": 1.0
  },
  "Germany": {
    "attack": 1.0,
    "defense": 1.0
  },
  "Japan": {
    "attack": 2.3696851367523712,
    "defense": 0.3
  },
  "Netherlands": {
    "attack": 2.27653749029373,
    "defense": 0.3
  },
  "Ivory Coast": {
    "attack": 1.0,
    "defense": 1.0
  },
  "Switzerland": {
    "attack": 1.0,
    "defense": 1.1228761626503017
  },
  "Qatar": {
    "attack": 0.8771238373496981,
    "defense": 1.0
  }
}