{
  "Mexico": {
    "attack": 0.3084720023334223,
    "defense": 9.83901874505925
  },
  "South Africa": {
    "attack": 0.3455,
    "defense": 0.3
  },
  "South Korea": {
    "attack": 0.3,
    "defense": 7.068289674241284
  },
  "Czechia": {
    "attack": 0.34504999999999997,
    "defense": 0.3
  },
  "USA": {
    "attack": 1.0,
    "defense": 1.0
  },
  "Paraguay": {
    "attack": 1.6086816555234291,
    "defense": 1.3872274039643624
  },
  "Australia": {
    "attack": 3.522301443802368,
    "defense": 2.61749983109822
  },
  "Turkey": {
    "attack": 0.3,
    "defense": 0.3
  },
  "Brazil": {
    "attack": 0.8025049978919143,
    "defense": 1.0
  },
  "Morocco": {
    "attack": 1.0,
    "defense": 1.1974950021080861
  },
  "Croatia": {
    "attack": 2.8512824745574448,
    "defense": 0.3
  },
  "Belgium": {
    "attack": 1.0,
    "defense": 1.0
  },
  "France": {
    "attack": 4.382984971738937,
    "defense": 1.0
  },
  "Senegal": {
    "attack": 1.0,
    "defense": 0.3
  },
  "Argentina": {
    "attack": 4.304000988041624,
    "defense": 2.1568905768905138
  },
  "Algeria": {
    "attack": 0.3,
    "defense": 0.3
  },
  "Spain": {
    "attack": 3.2528180353788954,
    "defense": 1.6116394640035174
  },
  "Saudi Arabia": {
    "attack": 0.38836053599648246,
    "defense": 0.3
  },
  "England": {
    "attack": 3.37431236720631,
    "defense": 0.314120048259375
  },
  "Ghana": {
    "attack": 0.927216502365625,
    "defense": 2.9654234099908754
  },
  "Portugal": {
    "attack": 1.0,
    "defense": 1.0
  },
  "Colombia": {
    "attack": 1.0,
    "defense": 1.0
  },
  "Germany": {
    "attack": 1.948283462554947,
    "defense": 1.0
  },
  "Japan": {
    "attack": 3.5382518985201306,
    "defense": 0.3
  },
  "Netherlands": {
    "attack": 3.392392132117798,
    "defense": 0.3
  },
  "Ivory Coast": {
    "attack": 1.0,
    "defense": 0.3
  },
  "Switzerland": {
    "attack": 1.0,
    "defense": 1.1974950021080861
  },
  "Qatar": {
    "attack": 0.8025049978919143,
    "defense": 1.0
  }
}