{
  "Mexico": {
    "attack": 1.8792917768733575,
    "defense": 1.6722660951671615
  },
  "South Africa": {
    "attack": 0.3277339048328384,
    "defense": 0.3
  },
  "South Korea": {
    "attack": 1.8792917768733575,
    "defense": 1.0
  },
  "Czechia": {
    "attack": 1.0,
    "defense": 0.3
  },
  "USA": {
    "attack": 1.0,
    "defense": 1.0
  },
  "Paraguay": {
    "attack": 1.0,
    "defense": 1.0
  },
  "Australia": {
    "attack": 1.3762732428451412,
    "defense": 1.3832172589683933
  },
  "Turkey": {
    "attack": 0.6167827410316066,
    "defense": 0.6237267571548589
  },
  "Brazil": {
    "attack": 0.9552787626539025,
    "defense": 1.0
  },
  "Morocco": {
    "attack": 1.0,
    "defense": 1.0447212373460972
  },
  "Croatia": {
    "attack": 1.0,
    "defense": 1.0
  },
  "Belgium": {
    "attack": 1.0,
    "defense": 1.0
  },
  "France": {
    "attack": 1.0,
    "defense": 1.0
  },
  "Senegal": {
    "attack": 1.0,
    "defense": 1.0
  },
  "Argentina": {
    "attack": 1.0,
    "defense": 1.0
  },
  "Algeria": {
    "attack": 1.0,
    "defense": 1.0
  },
  "Spain": {
    "attack": 1.0,
    "defense": 1.0
  },
  "Saudi Arabia": {
    "attack": 1.0,
    "defense": 1.0
  },
  "England": {
    "attack": 1.0,
    "defense": 1.0
  },
  "Ghana": {
    "attack": 1.0,
    "defense": 1.0
  },
  "Portugal": {
    "attack": 1.0,
    "defense": 1.0
  },
  "Colombia": {
    "attack": 1.0,
    "defense": 1.0
  },
  "Germany": {
    "attack": 1.0,
    "defense": 1.0
  },
  "Japan": {
    "attack": 1.253796032432433,
    "defense": 0.7716181488696922
  },
  "Netherlands": {
    "attack": 1.228381851130308,
    "defense": 0.7462039675675668
  },
  "Ivory Coast": {
    "attack": 1.0,
    "defense": 1.0
  },
  "Switzerland": {
    "attack": 1.0,
    "defense": 1.0447212373460972
  },
  "Qatar": {
    "attack": 0.9552787626539025,
    "defense": 1.0
  }
}