{
  "Mexico": {
    "attack": 0.53803898875,
    "defense": 704.8738672229441
  },
  "South Africa": {
    "attack": 0.3,
    "defense": 0.3045
  },
  "South Korea": {
    "attack": 0.3,
    "defense": 528.4021714441242
  },
  "Czechia": {
    "attack": 0.3,
    "defense": 0.3
  },
  "USA": {
    "attack": 1.0,
    "defense": 1.0
  },
  "Paraguay": {
    "attack": 0.3,
    "defense": 409.2488894768978
  },
  "Australia": {
    "attack": 0.3,
    "defense": 61.355107227027936
  },
  "Turkey": {
    "attack": 0.3,
    "defense": 0.3
  },
  "Brazil": {
    "attack": 0.39505,
    "defense": 35.932821729466795
  },
  "Morocco": {
    "attack": 0.3,
    "defense": 27.15342192502583
  },
  "Croatia": {
    "attack": 0.3,
    "defense": 0.3
  },
  "Belgium": {
    "attack": 0.3,
    "defense": 0.3
  },
  "France": {
    "attack": 0.3,
    "defense": 14.437417550774613
  },
  "Senegal": {
    "attack": 0.39549999999999996,
    "defense": 0.3
  },
  "Argentina": {
    "attack": 7.783367529916396,
    "defense": 6.661618967323329
  },
  "Algeria": {
    "attack": 0.3,
    "defense": 0.3
  },
  "Spain": {
    "attack": 0.39505,
    "defense": 16.353311161173906
  },
  "Saudi Arabia": {
    "attack": 0.3,
    "defense": 0.3
  },
  "England": {
    "attack": 0.3,
    "defense": 0.3
  },
  "Ghana": {
    "attack": 0.3,
    "defense": 321.6228908690781
  },
  "Portugal": {
    "attack": 0.3,
    "defense": 35.623997000154944
  },
  "Colombia": {
    "attack": 0.4454325,
    "defense": 14.2394576650127
  },
  "Germany": {
    "attack": 0.3,
    "defense": 0.3
  },
  "Japan": {
    "attack": 0.3,
    "defense": 0.3
  },
  "Netherlands": {
    "attack": 0.3,
    "defense": 0.3
  },
  "Ivory Coast": {
    "attack": 2.2702915029828854,
    "defense": 0.3
  },
  "Switzerland": {
    "attack": 0.3,
    "defense": 0.3
  },
  "Qatar": {
    "attack": 1.068062682521749,
    "defense": 2.211402207185446
  }
}