{
  "Mexico": {
    "attack": 0.5291724198041786,
    "defense": 7.610614699796895
  },
  "South Africa": {
    "attack": 0.3455,
    "defense": 0.3
  },
  "South Korea": {
    "attack": 0.3,
    "defense": 5.708147740902024
  },
  "Czechia": {
    "attack": 0.45500297318830357,
    "defense": 0.3
  },
  "USA": {
    "attack": 1.0,
    "defense": 1.0
  },
  "Paraguay": {
    "attack": 1.4162200260965507,
    "defense": 1.2370748527772493
  },
  "Australia": {
    "attack": 3.20877897215134,
    "defense": 2.358437472362289
  },
  "Turkey": {
    "attack": 0.3,
    "defense": 0.3
  },
  "Brazil": {
    "attack": 0.8242682942397384,
    "defense": 1.0
  },
  "Morocco": {
    "attack": 1.0,
    "defense": 1.1757317057602619
  },
  "Croatia": {
    "attack": 2.4341398597010855,
    "defense": 0.3
  },
  "Belgium": {
    "attack": 1.0,
    "defense": 1.0
  },
  "France": {
    "attack": 3.801478718936866,
    "defense": 1.0
  },
  "Senegal": {
    "attack": 1.0,
    "defense": 0.3
  },
  "Argentina": {
    "attack": 3.7127389109678353,
    "defense": 1.9434161942961448
  },
  "Algeria": {
    "attack": 0.3,
    "defense": 0.3
  },
  "Spain": {
    "attack": 2.1574251440138705,
    "defense": 1.3389620215717952
  },
  "Saudi Arabia": {
    "attack": 0.6610379784282047,
    "defense": 0.3
  },
  "England": {
    "attack": 4.4422240524336996,
    "defense": 0.3
  },
  "Ghana": {
    "attack": 1.0,
    "defense": 1.0
  },
  "Portugal": {
    "attack": 1.0,
    "defense": 1.0
  },
  "Colombia": {
    "attack": 1.0,
    "defense": 1.0
  },
  "Germany": {
    "attack": 1.4841853256474424,
    "defense": 1.0
  },
  "Japan": {
    "attack": 3.1891380388651855,
    "defense": 0.3
  },
  "Netherlands": {
    "attack": 3.0628237185336395,
    "defense": 0.3
  },
  "Ivory Coast": {
    "attack": 1.0,
    "defense": 0.5158146743525577
  },
  "Switzerland": {
    "attack": 1.0,
    "defense": 1.1757317057602619
  },
  "Qatar": {
    "attack": 0.8242682942397384,
    "defense": 1.0
  }
}