{
  "Mexico": {
    "attack": 0.4455,
    "defense": 13.35011102737071
  },
  "South Africa": {
    "attack": 0.3,
    "defense": 0.3045
  },
  "South Korea": {
    "attack": 0.3,
    "defense": 9.175251878077948
  },
  "Czechia": {
    "attack": 0.3,
    "defense": 0.3
  },
  "USA": {
    "attack": 1.0,
    "defense": 1.0
  },
  "Paraguay": {
    "attack": 1.2357893489396332,
    "defense": 2.1319490131708907
  },
  "Australia": {
    "attack": 3.171111269037859,
    "defense": 3.3925615991882845
  },
  "Turkey": {
    "attack": 0.3,
    "defense": 0.3
  },
  "Brazil": {
    "attack": 0.7863027372174839,
    "defense": 1.0
  },
  "Morocco": {
    "attack": 1.0,
    "defense": 1.2136972627825169
  },
  "Croatia": {
    "attack": 3.170314418718848,
    "defense": 0.3
  },
  "Belgium": {
    "attack": 1.0,
    "defense": 1.0
  },
  "France": {
    "attack": 4.830261246264557,
    "defense": 1.0
  },
  "Senegal": {
    "attack": 1.0,
    "defense": 0.3
  },
  "Argentina": {
    "attack": 4.758781134991924,
    "defense": 2.358437472362289
  },
  "Algeria": {
    "attack": 0.3,
    "defense": 0.3
  },
  "Spain": {
    "attack": 4.09535970923147,
    "defense": 1.7773361073063334
  },
  "Saudi Arabia": {
    "attack": 0.3,
    "defense": 0.3
  },
  "England": {
    "attack": 0.9887940079196701,
    "defense": 0.31289595663388714
  },
  "Ghana": {
    "attack": 0.846834485625256,
    "defense": 6.323632161257331
  },
  "Portugal": {
    "attack": 1.0,
    "defense": 1.0
  },
  "Colombia": {
    "attack": 1.0,
    "defense": 1.0
  },
  "Germany": {
    "attack": 2.3389746217038834,
    "defense": 1.0
  },
  "Japan": {
    "attack": 3.809459634385915,
    "defense": 0.3
  },
  "Netherlands": {
    "attack": 3.645885764420003,
    "defense": 0.3
  },
  "Ivory Coast": {
    "attack": 1.0,
    "defense": 0.3
  },
  "Switzerland": {
    "attack": 1.0,
    "defense": 1.2136972627825169
  },
  "Qatar": {
    "attack": 0.7863027372174839,
    "defense": 1.0
  }
}