{
  "Mexico": {
    "attack": 0.53803898875,
    "defense": 226.05461850107864
  },
  "South Africa": {
    "attack": 0.3,
    "defense": 0.3045
  },
  "South Korea": {
    "attack": 0.3,
    "defense": 169.40475107159915
  },
  "Czechia": {
    "attack": 0.3,
    "defense": 0.3
  },
  "USA": {
    "attack": 1.0,
    "defense": 1.0
  },
  "Paraguay": {
    "attack": 0.41973448984879647,
    "defense": 108.34315308593403
  },
  "Australia": {
    "attack": 0.3,
    "defense": 33.30133683956394
  },
  "Turkey": {
    "attack": 0.3,
    "defense": 0.3
  },
  "Brazil": {
    "attack": 0.39505,
    "defense": 20.31253489338079
  },
  "Morocco": {
    "attack": 0.4955,
    "defense": 13.4207203247807
  },
  "Croatia": {
    "attack": 0.3,
    "defense": 0.3
  },
  "Belgium": {
    "attack": 4.096847606207872,
    "defense": 0.3
  },
  "France": {
    "attack": 0.3,
    "defense": 4.317599862328639
  },
  "Senegal": {
    "attack": 0.978728137332747,
    "defense": 0.3
  },
  "Argentina": {
    "attack": 7.205439690983145,
    "defense": 4.965082613167362
  },
  "Algeria": {
    "attack": 0.3,
    "defense": 0.3
  },
  "Spain": {
    "attack": 0.35269798788063905,
    "defense": 4.5811857456931335
  },
  "Saudi Arabia": {
    "attack": 0.3,
    "defense": 0.3
  },
  "England": {
    "attack": 0.3,
    "defense": 0.3
  },
  "Ghana": {
    "attack": 0.3,
    "defense": 108.49517202117381
  },
  "Portugal": {
    "attack": 0.3,
    "defense": 12.646218512874377
  },
  "Colombia": {
    "attack": 0.42805940058091185,
    "defense": 6.840596596332928
  },
  "Germany": {
    "attack": 0.3,
    "defense": 0.3
  },
  "Japan": {
    "attack": 0.3,
    "defense": 0.3
  },
  "Netherlands": {
    "attack": 0.3,
    "defense": 0.3
  },
  "Ivory Coast": {
    "attack": 1.9588659581377912,
    "defense": 0.3
  },
  "Switzerland": {
    "attack": 0.7733306185348012,
    "defense": 1.3346472273582999
  },
  "Qatar": {
    "attack": 0.5916066931632127,
    "defense": 2.1411512955503675
  }
}