{
  "Mexico": {
    "attack": 2.5785896080029356,
    "defense": 1.972567437210587
  },
  "South Africa": {
    "attack": 0.3,
    "defense": 0.3
  },
  "South Korea": {
    "attack": 2.5785896080029356,
    "defense": 1.0
  },
  "Czechia": {
    "attack": 1.0,
    "defense": 0.3
  },
  "USA": {
    "attack": 1.0,
    "defense": 1.0
  },
  "Paraguay": {
    "attack": 1.0,
    "defense": 1.0
  },
  "Australia": {
    "attack": 2.082870528463314,
    "defense": 1.7510700564594417
  },
  "Turkey": {
    "attack": 0.3,
    "defense": 0.3
  },
  "Brazil": {
    "attack": 0.9032722704022079,
    "defense": 1.0
  },
  "Morocco": {
    "attack": 1.0,
    "defense": 1.096727729597792
  },
  "Croatia": {
    "attack": 1.15062625078125,
    "defense": 0.5591811630913273
  },
  "Belgium": {
    "attack": 1.0,
    "defense": 1.0
  },
  "France": {
    "attack": 1.7131984223462342,
    "defense": 1.0
  },
  "Senegal": {
    "attack": 1.0,
    "defense": 0.3
  },
  "Argentina": {
    "attack": 1.5984974654574873,
    "defense": 1.293262156184288
  },
  "Algeria": {
    "attack": 0.7067378438157118,
    "defense": 0.4015025345425126
  },
  "Spain": {
    "attack": 1.0,
    "defense": 1.0
  },
  "Saudi Arabia": {
    "attack": 1.0,
    "defense": 1.0
  },
  "England": {
    "attack": 1.4408188369086727,
    "defense": 0.84937374921875
  },
  "Ghana": {
    "attack": 1.0,
    "defense": 1.0
  },
  "Portugal": {
    "attack": 1.0,
    "defense": 1.0
  },
  "Colombia": {
    "attack": 1.0,
    "defense": 1.0
  },
  "Germany": {
    "attack": 1.0,
    "defense": 1.0
  },
  "Japan": {
    "attack": 1.9618131769613114,
    "defense": 0.3
  },
  "Netherlands": {
    "attack": 1.8792917768733575,
    "defense": 0.3
  },
  "Ivory Coast": {
    "attack": 1.0,
    "defense": 1.0
  },
  "Switzerland": {
    "attack": 1.0,
    "defense": 1.096727729597792
  },
  "Qatar": {
    "attack": 0.9032722704022079,
    "defense": 1.0
  }
}