{
  "Mexico": {
    "attack": 2.1865905373445784,
    "defense": 4.182661873928709
  },
  "South Africa": {
    "attack": 0.3455,
    "defense": 0.3
  },
  "South Korea": {
    "attack": 1.2509577846624862,
    "defense": 2.0061782335320286
  },
  "Czechia": {
    "attack": 1.1085021999541451,
    "defense": 0.3
  },
  "USA": {
    "attack": 1.0,
    "defense": 1.0
  },
  "Paraguay": {
    "attack": 1.035,
    "defense": 1.0165
  },
  "Australia": {
    "attack": 2.5785896080029356,
    "defense": 1.972567437210587
  },
  "Turkey": {
    "attack": 0.3,
    "defense": 0.3
  },
  "Brazil": {
    "attack": 0.8688419918091962,
    "defense": 1.0
  },
  "Morocco": {
    "attack": 1.0,
    "defense": 1.1311580081908037
  },
  "Croatia": {
    "attack": 1.6028905564870493,
    "defense": 0.3
  },
  "Belgium": {
    "attack": 1.0,
    "defense": 1.0
  },
  "France": {
    "attack": 2.6326340942697284,
    "defense": 1.0
  },
  "Senegal": {
    "attack": 1.0,
    "defense": 0.3
  },
  "Argentina": {
    "attack": 2.524284793360171,
    "defense": 1.6116394640035174
  },
  "Algeria": {
    "attack": 0.38836053599648246,
    "defense": 0.3
  },
  "Spain": {
    "attack": 1.0,
    "defense": 1.0
  },
  "Saudi Arabia": {
    "attack": 1.0,
    "defense": 1.0
  },
  "England": {
    "attack": 2.7453411565675214,
    "defense": 0.3971094435129505
  },
  "Ghana": {
    "attack": 1.0,
    "defense": 1.0
  },
  "Portugal": {
    "attack": 1.0,
    "defense": 1.0
  },
  "Colombia": {
    "attack": 1.0,
    "defense": 1.0
  },
  "Germany": {
    "attack": 1.0,
    "defense": 1.0
  },
  "Japan": {
    "attack": 2.4976277618055693,
    "defense": 0.3
  },
  "Netherlands": {
    "attack": 2.4003815404457693,
    "defense": 0.3
  },
  "Ivory Coast": {
    "attack": 1.0,
    "defense": 1.0
  },
  "Switzerland": {
    "attack": 1.0,
    "defense": 1.1311580081908037
  },
  "Qatar": {
    "attack": 0.8688419918091962,
    "defense": 1.0
  }
}