{
  "Mexico": {
    "attack": 0.4455,
    "defense": 40.84330137253476
  },
  "South Africa": {
    "attack": 0.3,
    "defense": 0.3045
  },
  "South Korea": {
    "attack": 0.3,
    "defense": 27.907507806210273
  },
  "Czechia": {
    "attack": 0.3,
    "defense": 0.3
  },
  "USA": {
    "attack": 1.0,
    "defense": 1.0
  },
  "Paraguay": {
    "attack": 0.5817193629925239,
    "defense": 13.37760175167861
  },
  "Australia": {
    "attack": 0.3,
    "defense": 9.100697351738448
  },
  "Turkey": {
    "attack": 0.3,
    "defense": 0.3
  },
  "Brazil": {
    "attack": 1.0498656503540573,
    "defense": 4.673060355625772
  },
  "Morocco": {
    "attack": 1.4143033544530872,
    "defense": 3.459488751790601
  },
  "Croatia": {
    "attack": 0.3,
    "defense": 0.3
  },
  "Belgium": {
    "attack": 1.0,
    "defense": 1.0
  },
  "France": {
    "attack": 6.086650655252435,
    "defense": 1.0
  },
  "Senegal": {
    "attack": 1.0,
    "defense": 0.3
  },
  "Argentina": {
    "attack": 6.036248759788953,
    "defense": 3.224120417045705
  },
  "Algeria": {
    "attack": 0.3,
    "defense": 0.3
  },
  "Spain": {
    "attack": 6.462041100463318,
    "defense": 2.4297212449644396
  },
  "Saudi Arabia": {
    "attack": 0.3,
    "defense": 0.3
  },
  "England": {
    "attack": 0.3,
    "defense": 0.3166668308251813
  },
  "Ghana": {
    "attack": 1.1280383958241051,
    "defense": 20.627825423778617
  },
  "Portugal": {
    "attack": 0.3277339048328384,
    "defense": 1.7160979270074774
  },
  "Colombia": {
    "attack": 0.3,
    "defense": 1.6722660951671615
  },
  "Germany": {
    "attack": 0.3190754572181742,
    "defense": 0.3
  },
  "Japan": {
    "attack": 1.9032638698422217,
    "defense": 0.3
  },
  "Netherlands": {
    "attack": 2.674956941329813,
    "defense": 0.3
  },
  "Ivory Coast": {
    "attack": 1.202822478166725,
    "defense": 0.3
  },
  "Switzerland": {
    "attack": 1.0,
    "defense": 1.2547003699583035
  },
  "Qatar": {
    "attack": 0.7452996300416977,
    "defense": 1.0
  }
}