{
  "Mexico": {
    "attack": 0.4455,
    "defense": 81.61173760429722
  },
  "South Africa": {
    "attack": 0.3,
    "defense": 0.3045
  },
  "South Korea": {
    "attack": 0.3,
    "defense": 60.208958924693704
  },
  "Czechia": {
    "attack": 0.3,
    "defense": 0.3
  },
  "USA": {
    "attack": 1.0,
    "defense": 1.0
  },
  "Paraguay": {
    "attack": 0.5086802071295276,
    "defense": 32.61427230704769
  },
  "Australia": {
    "attack": 0.3,
    "defense": 16.73377784308784
  },
  "Turkey": {
    "attack": 0.3,
    "defense": 0.3
  },
  "Brazil": {
    "attack": 0.39505,
    "defense": 11.171968483313186
  },
  "Morocco": {
    "attack": 0.4955,
    "defense": 8.681478530674397
  },
  "Croatia": {
    "attack": 0.32094931069452054,
    "defense": 0.3
  },
  "Belgium": {
    "attack": 2.5736639519881663,
    "defense": 0.3
  },
  "France": {
    "attack": 0.3,
    "defense": 1.2640439532061913
  },
  "Senegal": {
    "attack": 1.5453667935331494,
    "defense": 0.3
  },
  "Argentina": {
    "attack": 6.6303734489481885,
    "defense": 3.9126392119639886
  },
  "Algeria": {
    "attack": 0.3,
    "defense": 0.3
  },
  "Spain": {
    "attack": 7.562737367523692,
    "defense": 2.948594155146613
  },
  "Saudi Arabia": {
    "attack": 0.3,
    "defense": 0.3
  },
  "England": {
    "attack": 0.3,
    "defense": 0.3137983390466804
  },
  "Ghana": {
    "attack": 0.817332226591603,
    "defense": 39.5721018006956
  },
  "Portugal": {
    "attack": 0.6650573018989115,
    "defense": 1.9157633096707765
  },
  "Colombia": {
    "attack": 0.3,
    "defense": 2.7812394402070235
  },
  "Germany": {
    "attack": 0.3,
    "defense": 0.3
  },
  "Japan": {
    "attack": 0.3,
    "defense": 0.3
  },
  "Netherlands": {
    "attack": 0.44985917645911494,
    "defense": 0.3
  },
  "Ivory Coast": {
    "attack": 1.5828630283394811,
    "defense": 0.3
  },
  "Switzerland": {
    "attack": 1.5180839270633606,
    "defense": 1.4522085967888823
  },
  "Qatar": {
    "attack": 0.7089665634824113,
    "defense": 1.1182607048798678
  }
}