{
  "Mexico": {
    "attack": 0.53803898875,
    "defense": 1489.1100850189705
  },
  "South Africa": {
    "attack": 0.3,
    "defense": 0.3045
  },
  "South Korea": {
    "attack": 0.3,
    "defense": 1110.586357616003
  },
  "Czechia": {
    "attack": 0.3,
    "defense": 0.3
  },
  "USA": {
    "attack": 1.0,
    "defense": 1.0
  },
  "Paraguay": {
    "attack": 0.3,
    "defense": 976.1829251881708
  },
  "Australia": {
    "attack": 0.3,
    "defense": 88.90064842505376
  },
  "Turkey": {
    "attack": 0.3,
    "defense": 0.3
  },
  "Brazil": {
    "attack": 0.39505,
    "defense": 51.173096068167034
  },
  "Morocco": {
    "attack": 0.3,
    "defense": 47.57991830047131
  },
  "Croatia": {
    "attack": 0.3,
    "defense": 0.3
  },
  "Belgium": {
    "attack": 0.3,
    "defense": 0.3
  },
  "France": {
    "attack": 0.3,
    "defense": 34.23445362374301
  },
  "Senegal": {
    "attack": 0.39549999999999996,
    "defense": 0.3
  },
  "Argentina": {
    "attack": 8.161388578181668,
    "defense": 8.69422741959703
  },
  "Algeria": {
    "attack": 0.3,
    "defense": 0.3
  },
  "Spain": {
    "attack": 0.3,
    "defense": 32.93243581519086
  },
  "Saudi Arabia": {
    "attack": 0.3,
    "defense": 0.3
  },
  "England": {
    "attack": 0.3,
    "defense": 0.32276226261190355
  },
  "Ghana": {
    "attack": 0.3,
    "defense": 653.2850369913689
  },
  "Portugal": {
    "attack": 0.3,
    "defense": 72.40369420517601
  },
  "Colombia": {
    "attack": 0.4454325,
    "defense": 22.99271130736357
  },
  "Germany": {
    "attack": 0.3,
    "defense": 0.3
  },
  "Japan": {
    "attack": 0.3,
    "defense": 0.3
  },
  "Netherlands": {
    "attack": 0.3,
    "defense": 0.3
  },
  "Ivory Coast": {
    "attack": 2.433112851730381,
    "defense": 0.3
  },
  "Switzerland": {
    "attack": 0.3,
    "defense": 0.3
  },
  "Qatar": {
    "attack": 1.3962347179740637,
    "defense": 2.011755755450852
  }
}