{
  "Mexico": {
    "attack": 0.53803898875,
    "defense": 172.6337530092939
  },
  "South Africa": {
    "attack": 0.3,
    "defense": 0.3045
  },
  "South Korea": {
    "attack": 0.3,
    "defense": 129.72451240738002
  },
  "Czechia": {
    "attack": 0.3,
    "defense": 0.3
  },
  "USA": {
    "attack": 1.0,
    "defense": 1.0
  },
  "Paraguay": {
    "attack": 0.45161988270991965,
    "defense": 79.6909941650827
  },
  "Australia": {
    "attack": 0.3,
    "defense": 28.249551017692642
  },
  "Turkey": {
    "attack": 0.3,
    "defense": 0.3
  },
  "Brazil": {
    "attack": 0.39505,
    "defense": 17.392969573620846
  },
  "Morocco": {
    "attack": 0.4955,
    "defense": 12.023629320621037
  },
  "Croatia": {
    "attack": 0.3,
    "defense": 0.3
  },
  "Belgium": {
    "attack": 3.753181230553989,
    "defense": 0.3
  },
  "France": {
    "attack": 0.3,
    "defense": 3.222956603918872
  },
  "Senegal": {
    "attack": 1.2801001258155016,
    "defense": 0.3
  },
  "Argentina": {
    "attack": 7.075691101170254,
    "defense": 4.678022540197087
  },
  "Algeria": {
    "attack": 0.3,
    "defense": 0.3
  },
  "Spain": {
    "attack": 2.8282519146204246,
    "defense": 3.9607093722824667
  },
  "Saudi Arabia": {
    "attack": 0.3,
    "defense": 0.3
  },
  "England": {
    "attack": 0.3,
    "defense": 0.3
  },
  "Ghana": {
    "attack": 0.3,
    "defense": 84.25693384628273
  },
  "Portugal": {
    "attack": 0.3108227652365218,
    "defense": 8.113614454251312
  },
  "Colombia": {
    "attack": 0.4221520725159516,
    "defense": 5.372970813112802
  },
  "Germany": {
    "attack": 0.3,
    "defense": 0.3
  },
  "Japan": {
    "attack": 0.3,
    "defense": 0.3
  },
  "Netherlands": {
    "attack": 0.3,
    "defense": 0.3
  },
  "Ivory Coast": {
    "attack": 1.8732100923065558,
    "defense": 0.3
  },
  "Switzerland": {
    "attack": 1.3637550585366507,
    "defense": 1.734376426420607
  },
  "Qatar": {
    "attack": 0.599105887356583,
    "defense": 1.9059733155370693
  }
}