{
  "Mexico": {
    "attack": 0.53803898875,
    "defense": 161.40290192155146
  },
  "South Africa": {
    "attack": 0.3,
    "defense": 0.3045
  },
  "South Korea": {
    "attack": 0.3,
    "defense": 121.37349590738243
  },
  "Czechia": {
    "attack": 0.3,
    "defense": 0.3
  },
  "USA": {
    "attack": 1.0,
    "defense": 1.0
  },
  "Paraguay": {
    "attack": 0.4587491439476917,
    "defense": 73.84110558346279
  },
  "Australia": {
    "attack": 0.3,
    "defense": 27.084464670678305
  },
  "Turkey": {
    "attack": 0.3,
    "defense": 0.3
  },
  "Brazil": {
    "attack": 0.39505,
    "defense": 16.73999040099674
  },
  "Morocco": {
    "attack": 0.4955,
    "defense": 11.710309953742595
  },
  "Croatia": {
    "attack": 0.3,
    "defense": 0.3
  },
  "Belgium": {
    "attack": 3.6636311444372027,
    "defense": 0.3
  },
  "France": {
    "attack": 0.3,
    "defense": 2.978205103275316
  },
  "Senegal": {
    "attack": 1.3489425770747971,
    "defense": 0.3
  },
  "Argentina": {
    "attack": 7.04188215675674,
    "defense": 4.608889202164618
  },
  "Algeria": {
    "attack": 0.3,
    "defense": 0.3
  },
  "Spain": {
    "attack": 4.060166732021314,
    "defense": 3.819194224156639
  },
  "Saudi Arabia": {
    "attack": 0.3,
    "defense": 0.3
  },
  "England": {
    "attack": 0.3,
    "defense": 0.3
  },
  "Ghana": {
    "attack": 0.3,
    "defense": 79.11644761961605
  },
  "Portugal": {
    "attack": 0.3138321831168632,
    "defense": 6.589492475560905
  },
  "Colombia": {
    "attack": 0.3,
    "defense": 4.952541618282357
  },
  "Germany": {
    "attack": 0.3,
    "defense": 0.3
  },
  "Japan": {
    "attack": 0.3,
    "defense": 0.3
  },
  "Netherlands": {
    "attack": 0.3,
    "defense": 0.3
  },
  "Ivory Coast": {
    "attack": 1.8509747130015795,
    "defense": 0.3
  },
  "Switzerland": {
    "attack": 1.6436023066043266,
    "defense": 1.8180839990773765
  },
  "Qatar": {
    "attack": 0.610114005458082,
    "defense": 1.807437863465292
  }
}