{
  "Mexico": {
    "attack": 0.53803898875,
    "defense": 1826.3616685254085
  },
  "South Africa": {
    "attack": 0.3,
    "defense": 0.3045
  },
  "South Korea": {
    "attack": 0.3,
    "defense": 1360.2902459634554
  },
  "Czechia": {
    "attack": 0.3,
    "defense": 0.3
  },
  "USA": {
    "attack": 1.0,
    "defense": 1.0
  },
  "Paraguay": {
    "attack": 0.3,
    "defense": 1238.0191731079312
  },
  "Australia": {
    "attack": 0.3,
    "defense": 98.3623291300543
  },
  "Turkey": {
    "attack": 0.3,
    "defense": 0.3
  },
  "Brazil": {
    "attack": 0.39505,
    "defense": 56.43459015447884
  },
  "Morocco": {
    "attack": 0.3,
    "defense": 55.88327326118917
  },
  "Croatia": {
    "attack": 0.3,
    "defense": 0.3
  },
  "Belgium": {
    "attack": 0.3,
    "defense": 0.3
  },
  "France": {
    "attack": 0.3,
    "defense": 44.76730215330065
  },
  "Senegal": {
    "attack": 0.39549999999999996,
    "defense": 0.3
  },
  "Argentina": {
    "attack": 8.18296826016186,
    "defense": 9.668046721996081
  },
  "Algeria": {
    "attack": 0.3,
    "defense": 0.3
  },
  "Spain": {
    "attack": 0.3,
    "defense": 41.04743534792833
  },
  "Saudi Arabia": {
    "attack": 0.3,
    "defense": 0.3
  },
  "England": {
    "attack": 0.3,
    "defense": 0.3230908872105867
  },
  "Ghana": {
    "attack": 0.3,
    "defense": 792.8152224621836
  },
  "Portugal": {
    "attack": 0.3,
    "defense": 87.28521557456592
  },
  "Colombia": {
    "attack": 0.4454325,
    "defense": 26.448676211522002
  },
  "Germany": {
    "attack": 0.3,
    "defense": 0.3
  },
  "Japan": {
    "attack": 0.3,
    "defense": 0.3
  },
  "Netherlands": {
    "attack": 0.3,
    "defense": 0.3
  },
  "Ivory Coast": {
    "attack": 2.4730181628215573,
    "defense": 0.3
  },
  "Switzerland": {
    "attack": 0.3,
    "defense": 0.3
  },
  "Qatar": {
    "attack": 1.4757938145793705,
    "defense": 1.9513882392567443
  }
}