{
  "Mexico": {
    "attack": 0.5380137231169089,
    "defense": 123.4055703317855
  },
  "South Africa": {
    "attack": 0.3,
    "defense": 0.3045
  },
  "South Korea": {
    "attack": 0.3,
    "defense": 93.0914918887611
  },
  "Czechia": {
    "attack": 0.3,
    "defense": 0.3
  },
  "USA": {
    "attack": 1.0,
    "defense": 1.0
  },
  "Paraguay": {
    "attack": 0.48297036039383845,
    "defense": 54.580067421781976
  },
  "Australia": {
    "attack": 0.3,
    "defense": 22.80962349713722
  },
  "Turkey": {
    "attack": 0.3,
    "defense": 0.3
  },
  "Brazil": {
    "attack": 0.39505,
    "defense": 14.397629654173706
  },
  "Morocco": {
    "attack": 0.4955,
    "defense": 10.53250967429483
  },
  "Croatia": {
    "attack": 0.31971749192543963,
    "defense": 0.3
  },
  "Belgium": {
    "attack": 3.290152974966522,
    "defense": 0.3
  },
  "France": {
    "attack": 0.3,
    "defense": 2.146677280841443
  },
  "Senegal": {
    "attack": 1.5534128665423692,
    "defense": 0.3
  },
  "Argentina": {
    "attack": 6.900878354093414,
    "defense": 4.342422725418264
  },
  "Algeria": {
    "attack": 0.3,
    "defense": 0.3
  },
  "Spain": {
    "attack": 8.06388425595921,
    "defense": 3.272482223301391
  },
  "Saudi Arabia": {
    "attack": 0.3,
    "defense": 0.3
  },
  "England": {
    "attack": 0.3,
    "defense": 0.3
  },
  "Ghana": {
    "attack": 0.32266627613659155,
    "defense": 61.42919666548878
  },
  "Portugal": {
    "attack": 0.5522209242125514,
    "defense": 1.9991163797119176
  },
  "Colombia": {
    "attack": 0.3,
    "defense": 4.258956508586276
  },
  "Germany": {
    "attack": 0.3,
    "defense": 0.3
  },
  "Japan": {
    "attack": 0.3,
    "defense": 0.3
  },
  "Netherlands": {
    "attack": 0.3410391286434666,
    "defense": 0.3
  },
  "Ivory Coast": {
    "attack": 1.7585951386382028,
    "defense": 0.3
  },
  "Switzerland": {
    "attack": 1.6816463896465323,
    "defense": 1.6723383257552913
  },
  "Qatar": {
    "attack": 0.6516790116118659,
    "defense": 1.4744390044102669
  }
}