{
  "Mexico": {
    "attack": 0.53803898875,
    "defense": 3148.5216081140875
  },
  "South Africa": {
    "attack": 0.3,
    "defense": 0.3045
  },
  "South Korea": {
    "attack": 0.3,
    "defense": 2336.8840132051
  },
  "Czechia": {
    "attack": 0.3,
    "defense": 0.3
  },
  "USA": {
    "attack": 1.0,
    "defense": 1.0
  },
  "Paraguay": {
    "attack": 0.3,
    "defense": 2334.444396806563
  },
  "Australia": {
    "attack": 0.3,
    "defense": 128.81283478408574
  },
  "Turkey": {
    "attack": 0.3,
    "defense": 0.3
  },
  "Brazil": {
    "attack": 0.39505,
    "defense": 73.44037861452901
  },
  "Morocco": {
    "attack": 0.3,
    "defense": 86.82174815194574
  },
  "Croatia": {
    "attack": 0.3,
    "defense": 0.3
  },
  "Belgium": {
    "attack": 0.3,
    "defense": 0.3
  },
  "France": {
    "attack": 0.3,
    "defense": 92.59424967483301
  },
  "Senegal": {
    "attack": 0.39549999999999996,
    "defense": 0.3
  },
  "Argentina": {
    "attack": 8.227304424713743,
    "defense": 13.031461941064876
  },
  "Algeria": {
    "attack": 0.3,
    "defense": 0.3
  },
  "Spain": {
    "attack": 0.3,
    "defense": 74.11239498716076
  },
  "Saudi Arabia": {
    "attack": 0.3,
    "defense": 0.3
  },
  "England": {
    "attack": 0.3,
    "defense": 0.32376605722914326
  },
  "Ghana": {
    "attack": 0.3,
    "defense": 1329.1150732313433
  },
  "Portugal": {
    "attack": 0.3,
    "defense": 144.09268688378475
  },
  "Colombia": {
    "attack": 0.4454325,
    "defense": 39.00509867062272
  },
  "Germany": {
    "attack": 0.3,
    "defense": 0.3
  },
  "Japan": {
    "attack": 0.3,
    "defense": 0.3
  },
  "Netherlands": {
    "attack": 0.3,
    "defense": 0.3
  },
  "Ivory Coast": {
    "attack": 2.5709955848457775,
    "defense": 0.3
  },
  "Switzerland": {
    "attack": 0.3,
    "defense": 0.3
  },
  "Qatar": {
    "attack": 1.6695220982541978,
    "defense": 1.7765824297743018
  }
}