{
  "Mexico": {
    "attack": 0.34253373793002734,
    "defense": 9.142931948630547
  },
  "South Africa": {
    "attack": 0.3455,
    "defense": 0.3
  },
  "South Korea": {
    "attack": 0.3,
    "defense": 6.710596236564435
  },
  "Czechia": {
    "attack": 0.34504999999999997,
    "defense": 0.3
  },
  "USA": {
    "attack": 1.0,
    "defense": 1.0
  },
  "Paraguay": {
    "attack": 1.555754237958648,
    "defense": 1.342557495340035
  },
  "Australia": {
    "attack": 3.4364176619378544,
    "defense": 2.540706963137392
  },
  "Turkey": {
    "attack": 0.3,
    "defense": 0.3
  },
  "Brazil": {
    "attack": 0.808403676221193,
    "defense": 1.0
  },
  "Morocco": {
    "attack": 1.0,
    "defense": 1.1915963237788074
  },
  "Croatia": {
    "attack": 2.7382809428279553,
    "defense": 0.3
  },
  "Belgium": {
    "attack": 1.0,
    "defense": 1.0
  },
  "France": {
    "attack": 4.223691904465301,
    "defense": 1.0
  },
  "Senegal": {
    "attack": 1.0,
    "defense": 0.3
  },
  "Argentina": {
    "attack": 4.142035490051145,
    "defense": 2.093611179005085
  },
  "Algeria": {
    "attack": 0.3,
    "defense": 0.3
  },
  "Spain": {
    "attack": 2.9527550649560093,
    "defense": 1.5431133594638347
  },
  "Saudi Arabia": {
    "attack": 0.4568866405361652,
    "defense": 0.3
  },
  "England": {
    "attack": 4.087278307994481,
    "defense": 0.31455337499999997
  },
  "Ghana": {
    "attack": 0.955671625,
    "defense": 1.981935065210529
  },
  "Portugal": {
    "attack": 1.0,
    "defense": 1.0
  },
  "Colombia": {
    "attack": 1.0,
    "defense": 1.0
  },
  "Germany": {
    "attack": 1.8091426302728597,
    "defense": 1.0
  },
  "Japan": {
    "attack": 3.442244735520246,
    "defense": 0.3
  },
  "Netherlands": {
    "attack": 3.302112856145514,
    "defense": 0.3
  },
  "Ivory Coast": {
    "attack": 1.0,
    "defense": 0.3
  },
  "Switzerland": {
    "attack": 1.0,
    "defense": 1.1915963237788074
  },
  "Qatar": {
    "attack": 0.808403676221193,
    "defense": 1.0
  }
}