{
  "Mexico": {
    "attack": 0.4455,
    "defense": 65.955427052463
  },
  "South Africa": {
    "attack": 0.3,
    "defense": 0.3045
  },
  "South Korea": {
    "attack": 0.3,
    "defense": 47.34606571990635
  },
  "Czechia": {
    "attack": 0.3,
    "defense": 0.3
  },
  "USA": {
    "attack": 1.0,
    "defense": 1.0
  },
  "Paraguay": {
    "attack": 0.5455,
    "defense": 20.162154171416848
  },
  "Australia": {
    "attack": 0.3,
    "defense": 13.883596290861268
  },
  "Turkey": {
    "attack": 0.3,
    "defense": 0.3
  },
  "Brazil": {
    "attack": 0.4143771817591004,
    "defense": 9.660712037006864
  },
  "Morocco": {
    "attack": 0.5750213462132716,
    "defense": 7.653026618250572
  },
  "Croatia": {
    "attack": 0.3215412428474973,
    "defense": 0.3
  },
  "Belgium": {
    "attack": 2.125179682621019,
    "defense": 0.5117086148014454
  },
  "France": {
    "attack": 6.504444319124125,
    "defense": 1.096408102440612
  },
  "Senegal": {
    "attack": 1.3918832827579428,
    "defense": 0.3
  },
  "Argentina": {
    "attack": 6.461051671707295,
    "defense": 3.6864269643139447
  },
  "Algeria": {
    "attack": 0.3,
    "defense": 0.3
  },
  "Spain": {
    "attack": 7.249045895780918,
    "defense": 2.7781189144947445
  },
  "Saudi Arabia": {
    "attack": 0.3,
    "defense": 0.3
  },
  "England": {
    "attack": 0.3,
    "defense": 0.31869662458488557
  },
  "Ghana": {
    "attack": 1.259328839191375,
    "defense": 30.922859294450063
  },
  "Portugal": {
    "attack": 0.5886941331394246,
    "defense": 1.8757092339860157
  },
  "Colombia": {
    "attack": 0.3,
    "defense": 1.9818802605477777
  },
  "Germany": {
    "attack": 0.3,
    "defense": 0.3
  },
  "Japan": {
    "attack": 0.3,
    "defense": 0.3
  },
  "Netherlands": {
    "attack": 0.6059979425705995,
    "defense": 0.3
  },
  "Ivory Coast": {
    "attack": 1.473774917343188,
    "defense": 0.3
  },
  "Switzerland": {
    "attack": 1.3015327574052116,
    "defense": 1.3484740187156377
  },
  "Qatar": {
    "attack": 0.7292325664585618,
    "defense": 1.024972719559107
  }
}