{
  "Mexico": {
    "attack": 0.53803898875,
    "defense": 4134.3089499898415
  },
  "South Africa": {
    "attack": 0.3,
    "defense": 0.3045
  },
  "South Korea": {
    "attack": 0.3,
    "defense": 3063.301214147641
  },
  "Czechia": {
    "attack": 0.3,
    "defense": 0.3
  },
  "USA": {
    "attack": 1.0,
    "defense": 1.0
  },
  "Paraguay": {
    "attack": 0.3,
    "defense": 3297.2673864437475
  },
  "Australia": {
    "attack": 0.3,
    "defense": 147.40910346383444
  },
  "Turkey": {
    "attack": 0.3,
    "defense": 0.3
  },
  "Brazil": {
    "attack": 0.39505,
    "defense": 83.87214695547354
  },
  "Morocco": {
    "attack": 0.3,
    "defense": 108.75396483697568
  },
  "Croatia": {
    "attack": 0.3,
    "defense": 0.3
  },
  "Belgium": {
    "attack": 0.3,
    "defense": 0.3
  },
  "France": {
    "attack": 0.4946537129392921,
    "defense": 140.5019347747058
  },
  "Senegal": {
    "attack": 0.39549999999999996,
    "defense": 0.3
  },
  "Argentina": {
    "attack": 8.243809110291949,
    "defense": 15.240181453096964
  },
  "Algeria": {
    "attack": 0.3,
    "defense": 0.3
  },
  "Spain": {
    "attack": 0.3,
    "defense": 99.71608003633493
  },
  "Saudi Arabia": {
    "attack": 0.3,
    "defense": 0.3
  },
  "England": {
    "attack": 0.3,
    "defense": 0.3
  },
  "Ghana": {
    "attack": 0.3,
    "defense": 1721.3315314949473
  },
  "Portugal": {
    "attack": 0.3,
    "defense": 185.34578675790559
  },
  "Colombia": {
    "attack": 0.4454325,
    "defense": 47.689413497617586
  },
  "Germany": {
    "attack": 0.3,
    "defense": 0.3
  },
  "Japan": {
    "attack": 0.3,
    "defense": 0.3
  },
  "Netherlands": {
    "attack": 0.3,
    "defense": 0.3
  },
  "Ivory Coast": {
    "attack": 2.6157169467608283,
    "defense": 0.3
  },
  "Switzerland": {
    "attack": 0.3,
    "defense": 0.3
  },
  "Qatar": {
    "attack": 1.7571351544479288,
    "defense": 1.6810546668932427
  }
}