{
  "Mexico": {
    "attack": 0.53803898875,
    "defense": 2566.8384209107267
  },
  "South Africa": {
    "attack": 0.3,
    "defense": 0.3045
  },
  "South Korea": {
    "attack": 0.3,
    "defense": 1907.6206282785947
  },
  "Czechia": {
    "attack": 0.3,
    "defense": 0.3
  },
  "USA": {
    "attack": 1.0,
    "defense": 1.0
  },
  "Paraguay": {
    "attack": 0.3,
    "defense": 1840.1405111972833
  },
  "Australia": {
    "attack": 0.3,
    "defense": 116.4220554663092
  },
  "Turkey": {
    "attack": 0.3,
    "defense": 0.3
  },
  "Brazil": {
    "attack": 0.39505,
    "defense": 66.50815901110155
  },
  "Morocco": {
    "attack": 0.3,
    "defense": 73.47191952631324
  },
  "Croatia": {
    "attack": 0.3,
    "defense": 0.3
  },
  "Belgium": {
    "attack": 0.3,
    "defense": 0.3
  },
  "France": {
    "attack": 0.3,
    "defense": 70.39831886687061
  },
  "Senegal": {
    "attack": 0.39549999999999996,
    "defense": 0.3
  },
  "Argentina": {
    "attack": 8.212651486705292,
    "defense": 11.622841071713454
  },
  "Algeria": {
    "attack": 0.3,
    "defense": 0.3
  },
  "Spain": {
    "attack": 0.3,
    "defense": 59.35455276348128
  },
  "Saudi Arabia": {
    "attack": 0.3,
    "defense": 0.3
  },
  "England": {
    "attack": 0.3,
    "defense": 0.32354291604119734
  },
  "Ghana": {
    "attack": 0.3,
    "defense": 1094.9309104879073
  },
  "Portugal": {
    "attack": 0.3,
    "defense": 119.35157847191155
  },
  "Colombia": {
    "attack": 0.4454325,
    "defense": 33.639265431387166
  },
  "Germany": {
    "attack": 0.3,
    "defense": 0.3
  },
  "Japan": {
    "attack": 0.3,
    "defense": 0.3
  },
  "Netherlands": {
    "attack": 0.3,
    "defense": 0.3
  },
  "Ivory Coast": {
    "attack": 2.5356349099993185,
    "defense": 0.3
  },
  "Switzerland": {
    "attack": 0.3,
    "defense": 0.3
  },
  "Qatar": {
    "attack": 1.5998779298334056,
    "defense": 1.8445859892381362
  }
}